stacja,temperatura,wilgotnosc_wzgledna,cisnienie,data_pobrania,suma_opadu
Białystok,20.6,37.4,1013.6,2025-04-15,
Bielsko Biała,15.1,64.7,1008.6,2025-04-15,
Chojnice,19.1,49.3,1007.9,2025-04-15,
Częstochowa,15.0,71.6,1008.6,2025-04-15,
Elbląg,20.0,48.5,1010.0,2025-04-15,
Gdańsk,21.9,43.3,1009.3,2025-04-15,
Gorzów,19.0,54.2,1005.0,2025-04-15,
Hel,15.4,59.6,1009.9,2025-04-15,
Jelenia Góra,13.0,85.7,1005.0,2025-04-15,
Kalisz,18.7,59.5,1007.0,2025-04-15,
Kasprowy Wierch,2.6,100.0,,2025-04-15,
Katowice,14.8,75.6,1008.9,2025-04-15,
Kętrzyn,20.3,49.2,1012.1,2025-04-15,
Kielce,13.3,78.5,1011.6,2025-04-15,
Kłodzko,12.6,88.0,1006.2,2025-04-15,
Koło,18.4,57.9,1008.1,2025-04-15,
Kołobrzeg,23.6,36.4,1004.8,2025-04-15,
Koszalin,22.8,39.3,1005.8,2025-04-15,
Kozienice,14.6,79.8,1012.6,2025-04-15,
Kraków,14.2,83.6,1009.8,2025-04-15,
Krosno,12.4,85.7,1013.2,2025-04-15,
Legnica,16.2,71.4,1005.3,2025-04-15,
Lesko,12.8,78.5,1014.1,2025-04-15,
Leszno,16.9,69.6,1005.9,2025-04-15,
Lębork,21.9,40.2,1008.1,2025-04-15,
Lublin,12.2,88.6,1014.1,2025-04-15,
Łeba,23.4,36.3,1008.0,2025-04-15,
Łódź,18.7,61.6,1008.9,2025-04-15,
Mikołajki,19.5,46.4,1012.5,2025-04-15,
Mława,18.8,52.3,1010.7,2025-04-15,
Nowy Sącz,14.8,67.4,1010.9,2025-04-15,
Olsztyn,19.8,47.5,1011.3,2025-04-15,
Opole,15.1,76.7,1007.3,2025-04-15,
Ostrołęka,19.7,43.7,1012.2,2025-04-15,
Piła,19.7,52.2,1006.7,2025-04-15,
Platforma,,,,2025-04-15,
Płock,17.8,59.3,1009.8,2025-04-15,
Poznań,17.2,69.6,1006.7,2025-04-15,
Przemyśl,11.3,96.7,1014.8,2025-04-15,
Racibórz,16.2,64.5,1007.4,2025-04-15,
Resko,21.5,41.2,1004.9,2025-04-15,
Rzeszów,13.4,92.9,1013.3,2025-04-15,
Sandomierz,13.2,86.9,1012.8,2025-04-15,
Siedlce,17.9,53.6,1013.2,2025-04-15,
Słubice,18.5,59.5,1003.8,2025-04-15,
Sulejów,15.2,68.4,1009.9,2025-04-15,
Suwałki,20.7,38.2,1013.8,2025-04-15,
Szczecin,21.9,42.1,1004.2,2025-04-15,
Szczecinek,19.3,50.3,1006.7,2025-04-15,
Śnieżka,4.3,100.0,,2025-04-15,
Świnoujście,24.1,34.3,1003.5,2025-04-15,
Tarnów,12.9,84.6,1011.1,2025-04-15,
Terespol,18.2,44.5,1014.8,2025-04-15,
Toruń,19.6,51.5,1008.6,2025-04-15,
Ustka,24.0,34.3,1006.9,2025-04-15,
Warszawa,16.2,67.6,1011.9,2025-04-15,
Wieluń,15.5,74.7,1008.0,2025-04-15,
Włodawa,16.2,55.4,1015.1,2025-04-15,
Wrocław,16.1,73.8,1006.3,2025-04-15,
Zakopane,13.7,61.3,,2025-04-15,
Zamość,11.9,91.6,1015.5,2025-04-15,
Zielona Góra,16.8,65.5,1004.4,2025-04-15,
Białystok,18.3,66.6,1014.9,2025-04-16,0.6
Bielsko Biała,22.5,41.1,1012.6,2025-04-16,0.5
Chojnice,20.0,61.4,1010.1,2025-04-16,0.3
Częstochowa,25.2,40.1,1011.4,2025-04-16,0.4
Elbląg,17.3,78.5,1011.2,2025-04-16,0.9
Gdańsk,18.7,71.3,1010.6,2025-04-16,0.0
Gorzów,22.6,50.1,1010.0,2025-04-16,0.0
Hel,15.9,76.8,1011.3,2025-04-16,0.01
Jelenia Góra,24.1,39.3,1009.0,2025-04-16,0.01
Kalisz,24.1,51.1,1010.9,2025-04-16,2.0
Kasprowy Wierch,6.2,93.9,,2025-04-16,17.8
Katowice,23.9,39.3,1012.1,2025-04-16,0.4
Kętrzyn,15.4,85.9,1013.2,2025-04-16,0.5
Kielce,23.8,43.2,1012.8,2025-04-16,0.7
Kłodzko,21.8,53.3,1010.7,2025-04-16,1.1
Koło,23.2,52.6,1011.2,2025-04-16,1.6
Kołobrzeg,13.7,78.6,1009.9,2025-04-16,0.0
Koszalin,19.0,63.3,1010.1,2025-04-16,0.0
Kozienice,22.3,53.1,1013.6,2025-04-16,3.6
Kraków,25.3,35.3,1012.2,2025-04-16,1.4
Krosno,22.0,50.3,1015.1,2025-04-16,9.3
Legnica,24.3,50.1,1009.9,2025-04-16,0.01
Lesko,20.4,46.3,1016.2,2025-04-16,5.1
Leszno,24.3,41.3,1010.3,2025-04-16,0.01
Lębork,16.7,74.4,1010.6,2025-04-16,0.9
Lublin,21.1,57.3,1014.5,2025-04-16,2.6
Łeba,16.0,75.8,1010.4,2025-04-16,0.01
Łódź,27.7,46.1,1011.2,2025-04-16,1.1
Mikołajki,16.7,74.4,1013.4,2025-04-16,1.1
Mława,21.0,62.4,1012.0,2025-04-16,1.7
Nowy Sącz,24.4,36.3,1013.2,2025-04-16,2.2
Olsztyn,18.0,78.6,1012.0,2025-04-16,0.7
Opole,24.4,45.1,1011.2,2025-04-16,0.01
Ostrołęka,19.3,66.4,1013.3,2025-04-16,2.3
Piła,21.9,55.2,1010.1,2025-04-16,0.01
Platforma,,,,2025-04-16,0.0
Płock,21.8,62.2,1011.4,2025-04-16,1.3
Poznań,23.2,40.2,1010.4,2025-04-16,0.6
Przemyśl,23.6,42.8,1015.1,2025-04-16,5.0
Racibórz,24.0,41.2,1011.6,2025-04-16,0.1
Resko,21.4,57.3,1009.5,2025-04-16,0.01
Rzeszów,23.4,46.1,1014.5,2025-04-16,3.2
Sandomierz,23.0,48.2,1013.8,2025-04-16,0.3
Siedlce,19.5,67.3,1014.6,2025-04-16,2.7
Słubice,24.4,42.2,1009.5,2025-04-16,0.01
Sulejów,23.9,49.0,1011.8,2025-04-16,1.0
Suwałki,14.6,76.6,1015.1,2025-04-16,1.0
Szczecin,22.7,52.2,1009.4,2025-04-16,0.0
Szczecinek,20.3,62.3,1010.0,2025-04-16,0.3
Śnieżka,12.3,76.8,,2025-04-16,1.5
Świnoujście,17.5,71.6,1009.3,2025-04-16,0.0
Tarnów,25.2,43.2,1012.6,2025-04-16,1.4
Terespol,20.1,57.5,1015.5,2025-04-16,2.6
Toruń,23.8,49.0,1010.5,2025-04-16,0.5
Ustka,13.1,81.8,1010.6,2025-04-16,0.0
Warszawa,21.1,62.4,1013.0,2025-04-16,2.5
Wieluń,24.8,45.2,1011.2,2025-04-16,0.8
Włodawa,21.7,51.2,1014.9,2025-04-16,1.0
Wrocław,26.3,45.2,1010.4,2025-04-16,0.4
Zakopane,19.2,42.3,,2025-04-16,0.6
Zamość,22.7,54.3,1015.0,2025-04-16,1.2
Zielona Góra,23.5,40.3,1009.9,2025-04-16,0.01
Białystok,26.1,40.1,1014.9,2025-04-17,0.2
Bielsko Biała,26.0,33.1,1011.3,2025-04-17,0.0
Chojnice,25.2,33.2,1009.3,2025-04-17,0.0
Częstochowa,27.0,26.2,1011.1,2025-04-17,0.0
Elbląg,25.8,33.1,1011.3,2025-04-17,0.2
Gdańsk,26.8,34.2,1010.7,2025-04-17,0.01
Gorzów,26.8,29.3,1006.8,2025-04-17,0.0
Hel,17.5,69.7,1011.4,2025-04-17,0.0
Jelenia Góra,24.2,29.2,1007.2,2025-04-17,0.0
Kalisz,27.5,30.2,1010.0,2025-04-17,0.0
Kasprowy Wierch,9.2,75.8,,2025-04-17,0.0
Katowice,26.5,27.2,1011.4,2025-04-17,0.0
Kętrzyn,26.3,40.1,1013.3,2025-04-17,0.1
Kielce,25.6,32.1,1013.0,2025-04-17,0.0
Kłodzko,23.8,30.2,1008.8,2025-04-17,0.0
Koło,28.3,26.2,1010.8,2025-04-17,999.8
Kołobrzeg,26.1,35.3,1006.8,2025-04-17,0.0
Koszalin,26.7,33.1,1007.1,2025-04-17,0.0
Kozienice,27.6,32.2,1013.5,2025-04-17,0.01
Kraków,27.7,27.1,1011.8,2025-04-17,0.0
Krosno,24.6,34.2,1014.9,2025-04-17,0.0
Legnica,25.8,34.2,1007.5,2025-04-17,0.0
Lesko,25.2,34.1,1015.2,2025-04-17,0.0
Leszno,26.4,34.1,1008.2,2025-04-17,0.0
Lębork,26.0,34.1,1009.2,2025-04-17,2.7
Lublin,25.0,32.2,1014.8,2025-04-17,0.0
Łeba,27.3,34.1,1009.0,2025-04-17,0.0
Łódź,27.3,29.2,1011.2,2025-04-17,0.0
Mikołajki,24.1,39.3,1013.8,2025-04-17,1.2
Mława,26.8,36.1,1012.4,2025-04-17,0.0
Nowy Sącz,26.9,27.1,1012.8,2025-04-17,0.0
Olsztyn,27.0,30.1,1012.4,2025-04-17,0.4
Opole,26.8,28.3,1010.5,2025-04-17,0.0
Ostrołęka,27.2,32.1,1013.7,2025-04-17,0.2
Piła,27.0,32.2,1008.3,2025-04-17,0.0
Platforma,,,,2025-04-17,0.0
Płock,26.7,32.2,1011.7,2025-04-17,0.0
Poznań,27.3,27.2,1008.2,2025-04-17,0.0
Przemyśl,27.0,31.2,1014.8,2025-04-17,0.0
Racibórz,26.2,31.2,1010.7,2025-04-17,0.0
Resko,25.9,36.2,1006.7,2025-04-17,0.01
Rzeszów,26.3,34.1,1014.4,2025-04-17,0.0
Sandomierz,26.0,35.2,1013.9,2025-04-17,0.0
Siedlce,25.8,39.2,1014.5,2025-04-17,0.1
Słubice,26.9,30.1,1006.0,2025-04-17,0.0
Sulejów,26.4,31.2,1011.6,2025-04-17,0.0
Suwałki,25.8,34.2,1014.4,2025-04-17,0.2
Szczecin,26.2,36.2,1006.3,2025-04-17,0.01
Szczecinek,25.1,37.2,1008.3,2025-04-17,0.0
Śnieżka,12.0,52.5,,2025-04-17,0.0
Świnoujście,26.8,32.2,1006.0,2025-04-17,0.0
Tarnów,26.8,38.1,1012.7,2025-04-17,0.0
Terespol,26.8,33.1,1015.4,2025-04-17,0.1
Toruń,27.4,27.2,1010.3,2025-04-17,0.0
Ustka,26.9,31.1,1007.8,2025-04-17,0.0
Warszawa,27.6,33.1,1012.6,2025-04-17,0.0
Wieluń,26.7,28.2,1010.8,2025-04-17,0.0
Włodawa,26.5,37.0,1015.5,2025-04-17,0.01
Wrocław,27.5,27.3,1008.7,2025-04-17,0.0
Zakopane,21.8,37.1,,2025-04-17,0.0
Zamość,26.3,38.0,1015.7,2025-04-17,0.0
Zielona Góra,26.4,28.2,1006.5,2025-04-17,0.0
Białystok,26.9,41.1,1010.6,2025-04-18,0.0
Bielsko Biała,16.7,75.4,1010.0,2025-04-18,5.0
Chojnice,22.3,50.3,1008.3,2025-04-18,0.0
Częstochowa,18.4,80.7,1010.0,2025-04-18,2.4
Elbląg,23.1,49.2,1008.8,2025-04-18,0.0
Gdańsk,25.4,47.2,1008.3,2025-04-18,0.0
Gorzów,16.7,69.6,1009.4,2025-04-18,0.0
Hel,21.3,56.2,1008.6,2025-04-18,0.0
Jelenia Góra,12.8,89.8,1009.3,2025-04-18,0.0
Kalisz,21.3,63.3,1008.9,2025-04-18,0.6
Kasprowy Wierch,4.4,100.0,,2025-04-18,2.5
Katowice,16.2,86.6,1010.4,2025-04-18,6.4
Kętrzyn,27.3,38.0,1009.3,2025-04-18,0.0
Kielce,17.1,89.5,1010.8,2025-04-18,3.0
Kłodzko,19.0,61.6,1007.9,2025-04-18,0.8
Koło,23.2,55.1,1009.0,2025-04-18,999.8
Kołobrzeg,11.5,86.8,1008.5,2025-04-18,0.0
Koszalin,20.5,55.3,1007.7,2025-04-18,0.0
Kozienice,25.6,43.0,1010.3,2025-04-18,0.01
Kraków,17.7,72.6,1010.0,2025-04-18,0.8
Krosno,20.1,62.2,1010.9,2025-04-18,0.01
Legnica,18.9,68.5,1008.3,2025-04-18,0.01
Lesko,22.9,44.1,1010.3,2025-04-18,0.0
Leszno,21.9,54.1,1007.8,2025-04-18,0.01
Lębork,25.1,39.0,1007.6,2025-04-18,4.5
Lublin,23.8,49.0,1010.6,2025-04-18,0.0
Łeba,24.3,43.3,1007.6,2025-04-18,0.0
Łódź,21.1,60.4,1009.7,2025-04-18,0.01
Mikołajki,25.9,43.1,1009.8,2025-04-18,0.0
Mława,23.4,54.1,1009.8,2025-04-18,0.0
Nowy Sącz,18.5,67.6,1010.5,2025-04-18,0.01
Olsztyn,25.0,42.0,1009.2,2025-04-18,0.0
Opole,19.2,61.2,1009.3,2025-04-18,2.6
Ostrołęka,25.7,41.6,1010.2,2025-04-18,0.0
Piła,22.6,54.3,1007.9,2025-04-18,0.0
Platforma,,,,2025-04-18,0.0
Płock,22.1,62.2,1009.3,2025-04-18,0.01
Poznań,23.2,55.1,1007.7,2025-04-18,0.01
Przemyśl,26.2,45.2,1009.0,2025-04-18,0.0
Racibórz,18.7,65.4,1009.4,2025-04-18,4.8
Resko,19.4,65.5,1008.2,2025-04-18,0.0
Rzeszów,22.7,54.3,1010.4,2025-04-18,0.0
Sandomierz,21.8,58.2,1010.9,2025-04-18,1.2
Siedlce,26.2,40.1,1010.1,2025-04-18,0.0
Słubice,14.2,79.7,1009.9,2025-04-18,0.0
Sulejów,20.6,63.2,1009.8,2025-04-18,1.6
Suwałki,26.7,36.1,1010.4,2025-04-18,0.0
Szczecin,15.0,77.7,1009.3,2025-04-18,0.0
Szczecinek,21.9,56.7,1007.9,2025-04-18,0.0
Śnieżka,7.0,100.0,,2025-04-18,0.7
Świnoujście,13.5,77.5,1008.8,2025-04-18,0.01
Tarnów,20.6,76.4,1009.8,2025-04-18,0.0
Terespol,27.1,37.2,1010.6,2025-04-18,0.0
Toruń,23.7,50.3,1008.6,2025-04-18,0.0
Ustka,23.3,44.2,1007.8,2025-04-18,0.0
Warszawa,25.5,47.2,1010.0,2025-04-18,0.0
Wieluń,19.4,76.7,1009.3,2025-04-18,3.2
Włodawa,25.6,41.0,1010.5,2025-04-18,0.0
Wrocław,20.2,70.6,1008.4,2025-04-18,1.3
Zakopane,13.8,72.4,,2025-04-18,1.2
Zamość,23.1,56.2,1011.0,2025-04-18,0.0
Zielona Góra,17.6,64.3,1008.7,2025-04-18,0.01
Białystok,19.5,56.6,1011.8,2025-04-19,0.0
Bielsko Biała,16.8,52.6,1012.2,2025-04-19,0.3
Chojnice,10.6,87.9,1011.0,2025-04-19,1.6
Częstochowa,15.8,53.5,1012.6,2025-04-19,8.8
Elbląg,13.0,73.8,1011.0,2025-04-19,0.01
Gdańsk,14.6,70.6,1010.5,2025-04-19,0.0
Gorzów,11.7,72.6,1010.8,2025-04-19,12.9
Hel,14.6,68.7,1010.4,2025-04-19,0.0
Jelenia Góra,11.5,60.5,1011.8,2025-04-19,5.0
Kalisz,15.0,62.5,1011.9,2025-04-19,4.2
Kasprowy Wierch,4.1,78.9,,2025-04-19,17.9
Katowice,16.7,48.4,1012.6,2025-04-19,5.8
Kętrzyn,18.6,60.3,1010.8,2025-04-19,9.7
Kielce,16.4,59.4,1012.9,2025-04-19,3.5
Kłodzko,13.9,57.7,1011.8,2025-04-19,1.3
Koło,14.8,57.5,1012.0,2025-04-19,999.8
Kołobrzeg,11.7,82.7,1009.5,2025-04-19,1.8
Koszalin,11.4,89.8,1009.8,2025-04-19,0.2
Kozienice,18.9,54.5,1012.4,2025-04-19,5.0
Kraków,18.1,50.4,1012.5,2025-04-19,4.1
Krosno,19.4,45.4,1012.3,2025-04-19,0.6
Legnica,13.8,58.5,1011.8,2025-04-19,0.8
Lesko,19.7,36.4,1012.0,2025-04-19,0.8
Leszno,12.6,68.8,1011.9,2025-04-19,0.1
Lębork,14.0,83.0,1009.5,2025-04-19,3.6
Lublin,18.4,64.5,1012.8,2025-04-19,14.8
Łeba,11.4,83.8,1009.5,2025-04-19,0.5
Łódź,15.4,56.4,1012.5,2025-04-19,0.01
Mikołajki,18.3,58.2,1011.2,2025-04-19,11.5
Mława,16.5,57.5,1011.9,2025-04-19,0.6
Nowy Sącz,19.8,40.5,1011.7,2025-04-19,0.2
Olsztyn,17.1,58.4,1011.2,2025-04-19,9.6
Opole,16.0,50.6,1012.4,2025-04-19,0.2
Ostrołęka,18.6,54.5,1012.0,2025-04-19,9.6
Piła,11.9,78.9,1011.1,2025-04-19,0.4
Platforma,,,,2025-04-19,0.0
Płock,15.5,59.7,1012.0,2025-04-19,0.1
Poznań,13.4,58.4,1011.3,2025-04-19,0.2
Przemyśl,18.3,57.5,1012.4,2025-04-19,34.4
Racibórz,17.1,50.5,1012.4,2025-04-19,0.2
Resko,10.7,83.8,1010.0,2025-04-19,0.7
Rzeszów,18.9,53.4,1012.7,2025-04-19,2.4
Sandomierz,18.1,58.6,1012.9,2025-04-19,3.9
Siedlce,19.1,54.2,1012.6,2025-04-19,6.6
Słubice,10.5,77.6,1011.1,2025-04-19,13.8
Sulejów,16.7,57.5,1012.3,2025-04-19,1.2
Suwałki,17.5,61.3,1011.5,2025-04-19,0.01
Szczecin,10.5,82.6,1010.0,2025-04-19,6.1
Szczecinek,12.3,76.8,1010.4,2025-04-19,0.0
Śnieżka,-0.3,100.0,,2025-04-19,6.3
Świnoujście,10.6,84.9,1009.3,2025-04-19,8.9
Tarnów,18.1,61.4,1012.6,2025-04-19,2.5
Terespol,20.2,49.2,1012.3,2025-04-19,0.01
Toruń,14.1,62.8,1011.8,2025-04-19,0.01
Ustka,10.7,89.1,1009.6,2025-04-19,0.01
Warszawa,18.5,51.6,1012.2,2025-04-19,4.8
Wieluń,14.9,64.7,1012.7,2025-04-19,4.9
Włodawa,20.1,48.2,1012.5,2025-04-19,0.2
Wrocław,15.9,52.4,1011.9,2025-04-19,0.9
Zakopane,15.5,51.5,,2025-04-19,8.4
Zamość,18.8,59.5,1013.0,2025-04-19,0.9
Zielona Góra,9.7,90.9,1011.7,2025-04-19,9.1
Białystok,23.2,33.4,1009.1,2025-04-20,0.0
Bielsko Biała,19.9,42.2,1007.9,2025-04-20,0.0
Chojnice,17.5,50.3,1007.5,2025-04-20,0.01
Częstochowa,21.8,37.2,1007.9,2025-04-20,0.0
Elbląg,18.1,51.5,1007.5,2025-04-20,0.0
Gdańsk,13.7,71.4,1007.9,2025-04-20,0.01
Gorzów,17.9,50.4,1007.4,2025-04-20,1.6
Hel,14.1,63.6,1008.6,2025-04-20,0.0
Jelenia Góra,20.6,40.4,1006.2,2025-04-20,0.0
Kalisz,21.6,43.2,1007.6,2025-04-20,0.0
Kasprowy Wierch,4.5,81.9,,2025-04-20,0.0
Katowice,21.7,36.4,1008.0,2025-04-20,0.0
Kętrzyn,20.9,51.4,1008.2,2025-04-20,0.0
Kielce,20.8,34.4,1009.4,2025-04-20,0.0
Kłodzko,20.3,39.2,1007.4,2025-04-20,0.0
Koło,21.7,40.4,1008.0,2025-04-20,999.8
Kołobrzeg,12.0,75.7,1007.8,2025-04-20,0.01
Koszalin,13.9,59.7,1007.7,2025-04-20,0.8
Kozienice,22.3,38.4,1009.4,2025-04-20,0.0
Kraków,22.7,32.3,1008.3,2025-04-20,0.0
Krosno,19.5,38.5,1010.5,2025-04-20,0.0
Legnica,21.9,41.3,1006.9,2025-04-20,0.01
Lesko,18.6,43.4,1011.5,2025-04-20,0.0
Leszno,21.8,39.3,1007.1,2025-04-20,0.0
Lębork,16.5,54.4,1007.9,2025-04-20,0.2
Lublin,21.0,43.4,1010.1,2025-04-20,0.0
Łeba,11.9,70.6,1008.6,2025-04-20,1.6
Łódź,22.4,33.4,1008.0,2025-04-20,0.0
Mikołajki,20.5,46.3,1008.5,2025-04-20,0.0
Mława,22.3,39.2,1008.2,2025-04-20,0.0
Nowy Sącz,22.1,33.3,1008.8,2025-04-20,0.0
Olsztyn,21.3,41.4,1007.7,2025-04-20,0.0
Opole,22.0,36.2,1007.7,2025-04-20,0.0
Ostrołęka,22.2,43.7,1008.7,2025-04-20,0.0
Piła,19.5,44.2,1007.2,2025-04-20,0.4
Platforma,,,,2025-04-20,0.0
Płock,21.4,40.3,1007.9,2025-04-20,0.0
Poznań,20.8,41.3,1007.0,2025-04-20,0.0
Przemyśl,21.8,35.9,1010.6,2025-04-20,0.0
Racibórz,21.1,37.3,1008.0,2025-04-20,0.0
Resko,16.8,48.4,1007.6,2025-04-20,0.8
Rzeszów,21.5,36.3,1010.3,2025-04-20,0.0
Sandomierz,21.1,40.2,1009.7,2025-04-20,0.0
Siedlce,21.5,43.2,1009.8,2025-04-20,0.0
Słubice,18.4,51.5,1007.1,2025-04-20,0.3
Sulejów,21.6,37.4,1008.5,2025-04-20,0.0
Suwałki,21.6,43.2,1008.5,2025-04-20,0.5
Szczecin,17.0,47.4,1007.5,2025-04-20,0.8
Szczecinek,18.5,43.4,1007.2,2025-04-20,0.5
Śnieżka,10.4,68.8,,2025-04-20,0.6
Świnoujście,17.6,48.6,1007.1,2025-04-20,0.1
Tarnów,21.7,38.2,1009.0,2025-04-20,0.5
Terespol,22.8,33.3,1010.3,2025-04-20,0.0
Toruń,21.8,39.3,1007.5,2025-04-20,0.0
Ustka,11.6,79.9,1008.5,2025-04-20,1.7
Warszawa,22.3,38.4,1009.0,2025-04-20,0.0
Wieluń,21.3,37.3,1008.3,2025-04-20,0.0
Włodawa,21.7,40.4,1010.6,2025-04-20,0.0
Wrocław,22.8,39.3,1007.0,2025-04-20,0.0
Zakopane,17.0,38.3,,2025-04-20,0.0
Zamość,21.3,45.3,1010.9,2025-04-20,0.01
Zielona Góra,20.2,50.2,1006.7,2025-04-20,0.1
Białystok,23.8,33.3,1010.1,2025-04-21,0.0
Bielsko Biała,20.4,50.2,1009.5,2025-04-21,0.0
Chojnice,19.6,38.5,1010.5,2025-04-21,0.0
Częstochowa,21.3,47.2,1009.2,2025-04-21,0.0
Elbląg,16.3,54.3,1011.3,2025-04-21,0.0
Gdańsk,11.2,76.6,1012.3,2025-04-21,0.0
Gorzów,19.6,48.4,1011.0,2025-04-21,0.6
Hel,12.5,68.8,1012.8,2025-04-21,0.0
Jelenia Góra,17.5,69.7,1010.1,2025-04-21,0.0
Kalisz,22.3,46.1,1009.5,2025-04-21,0.0
Kasprowy Wierch,8.3,73.5,,2025-04-21,0.0
Katowice,20.7,46.4,1009.4,2025-04-21,0.0
Kętrzyn,20.8,52.4,1010.0,2025-04-21,0.0
Kielce,21.9,38.3,1009.8,2025-04-21,0.0
Kłodzko,21.4,44.4,1008.6,2025-04-21,0.0
Koło,23.0,39.3,1010.1,2025-04-21,999.8
Kołobrzeg,12.8,75.8,1011.1,2025-04-21,0.0
Koszalin,18.4,57.5,1011.0,2025-04-21,0.0
Kozienice,23.2,37.3,1009.9,2025-04-21,0.0
Kraków,22.0,43.3,1009.6,2025-04-21,0.0
Krosno,22.2,34.3,1009.9,2025-04-21,0.0
Legnica,20.4,56.4,1009.7,2025-04-21,0.0
Lesko,21.3,36.3,1010.1,2025-04-21,0.0
Leszno,22.6,44.4,1009.5,2025-04-21,0.0
Lębork,19.8,44.3,1010.9,2025-04-21,1.3
Lublin,22.3,39.2,1010.5,2025-04-21,0.0
Łeba,12.2,69.7,1011.3,2025-04-21,0.0
Łódź,22.1,39.4,1009.6,2025-04-21,0.0
Mikołajki,23.8,37.2,1009.4,2025-04-21,0.0
Mława,23.8,35.2,1009.6,2025-04-21,0.0
Nowy Sącz,23.3,30.3,1009.0,2025-04-21,0.0
Olsztyn,21.4,49.1,1009.9,2025-04-21,0.0
Opole,21.6,40.4,1009.2,2025-04-21,0.0
Ostrołęka,24.5,29.9,1009.7,2025-04-21,0.0
Piła,19.3,46.4,1010.7,2025-04-21,0.0
Platforma,,,,2025-04-21,0.0
Płock,22.2,47.4,1009.7,2025-04-21,0.0
Poznań,21.8,35.4,1009.8,2025-04-21,0.0
Przemyśl,23.1,35.7,1009.8,2025-04-21,0.0
Racibórz,20.4,42.3,1009.5,2025-04-21,0.0
Resko,18.4,49.5,1010.9,2025-04-21,0.0
Rzeszów,23.4,35.3,1009.9,2025-04-21,0.0
Sandomierz,22.4,39.2,1009.9,2025-04-21,0.0
Siedlce,22.5,35.4,1010.2,2025-04-21,0.0
Słubice,16.4,74.8,1011.6,2025-04-21,1.5
Sulejów,22.9,42.4,1009.3,2025-04-21,0.0
Suwałki,23.2,35.3,1009.6,2025-04-21,0.0
Szczecin,17.9,62.7,1010.9,2025-04-21,0.0
Szczecinek,20.8,38.3,1010.4,2025-04-21,0.0
Śnieżka,7.5,97.9,,2025-04-21,0.0
Świnoujście,14.0,75.5,1010.6,2025-04-21,0.0
Tarnów,23.9,39.3,1009.1,2025-04-21,0.0
Terespol,24.1,31.3,1010.3,2025-04-21,0.0
Toruń,22.0,43.3,1010.1,2025-04-21,0.0
Ustka,10.8,82.6,1011.4,2025-04-21,0.0
Warszawa,23.3,35.3,1009.9,2025-04-21,0.0
Wieluń,21.7,42.4,1009.3,2025-04-21,0.0
Włodawa,23.9,37.2,1010.3,2025-04-21,0.0
Wrocław,23.4,37.3,1009.1,2025-04-21,0.0
Zakopane,19.0,39.4,,2025-04-21,0.0
Zamość,22.2,45.2,1010.6,2025-04-21,0.0
Zielona Góra,18.4,59.5,1010.7,2025-04-21,0.0
Białystok,25.3,34.1,1012.2,2025-04-22,0.0
Bielsko Biała,18.6,55.2,1016.3,2025-04-22,0.0
Chojnice,16.3,60.7,1016.1,2025-04-22,8.9
Częstochowa,17.8,56.6,1016.5,2025-04-22,0.0
Elbląg,10.7,84.9,1016.5,2025-04-22,2.3
Gdańsk,10.7,84.9,1017.0,2025-04-22,8.8
Gorzów,18.6,57.5,1016.2,2025-04-22,1.5
Hel,10.1,89.7,1017.3,2025-04-22,13.6
Jelenia Góra,18.0,50.4,1016.3,2025-04-22,11.2
Kalisz,18.2,64.4,1016.5,2025-04-22,0.4
Kasprowy Wierch,6.2,83.8,,2025-04-22,0.0
Katowice,20.0,47.2,1016.1,2025-04-22,0.0
Kętrzyn,16.6,69.5,1014.5,2025-04-22,0.0
Kielce,15.0,78.8,1016.8,2025-04-22,0.0
Kłodzko,18.4,54.4,1016.6,2025-04-22,4.1
Koło,16.2,70.9,1016.5,2025-04-22,999.8
Kołobrzeg,14.0,80.8,1016.8,2025-04-22,0.01
Koszalin,15.6,69.4,1016.7,2025-04-22,5.1
Kozienice,20.4,51.3,1014.8,2025-04-22,0.0
Kraków,19.6,61.3,1015.9,2025-04-22,0.0
Krosno,21.1,51.4,1014.2,2025-04-22,0.0
Legnica,19.0,54.2,1016.5,2025-04-22,22.6
Lesko,18.5,65.3,1014.4,2025-04-22,0.0
Leszno,19.4,49.4,1016.4,2025-04-22,17.4
Lębork,13.2,53.6,1012.2,2025-04-22,1.3
Lublin,22.6,52.1,1013.5,2025-04-22,0.0
Łeba,13.4,77.5,1016.6,2025-04-22,4.6
Łódź,17.8,63.5,1016.4,2025-04-22,0.0
Mikołajki,18.6,60.3,1013.9,2025-04-22,0.0
Mława,18.9,51.3,1014.9,2025-04-22,0.0
Nowy Sącz,21.4,50.1,1014.7,2025-04-22,0.0
Olsztyn,15.9,54.6,1015.5,2025-04-22,0.01
Opole,20.7,37.4,1016.2,2025-04-22,0.0
Ostrołęka,19.0,54.2,1014.2,2025-04-22,0.0
Piła,17.6,60.5,1016.2,2025-04-22,4.8
Platforma,,,,2025-04-22,0.0
Płock,17.7,55.4,1015.6,2025-04-22,0.0
Poznań,17.8,60.6,1015.9,2025-04-22,5.3
Przemyśl,22.3,50.3,1013.3,2025-04-22,0.0
Racibórz,20.5,47.3,1016.1,2025-04-22,0.0
Resko,17.0,63.3,1016.3,2025-04-22,2.3
Rzeszów,23.3,47.3,1013.7,2025-04-22,0.0
Sandomierz,22.5,48.1,1014.0,2025-04-22,0.0
Siedlce,24.8,42.2,1012.9,2025-04-22,0.0
Słubice,18.2,60.6,1016.6,2025-04-22,0.6
Sulejów,16.2,71.4,1016.6,2025-04-22,0.0
Suwałki,23.8,38.2,1011.9,2025-04-22,0.0
Szczecin,16.9,70.5,1016.9,2025-04-22,0.01
Szczecinek,18.3,55.5,1015.9,2025-04-22,12.3
Śnieżka,6.6,71.7,,2025-04-22,5.0
Świnoujście,14.6,77.7,1016.7,2025-04-22,2.5
Tarnów,20.3,55.2,1015.1,2025-04-22,0.3
Terespol,25.6,32.1,1012.8,2025-04-22,0.0
Toruń,14.3,80.8,1016.7,2025-04-22,3.4
Ustka,11.4,92.9,1016.8,2025-04-22,4.1
Warszawa,19.5,56.6,1015.2,2025-04-22,0.0
Wieluń,19.0,57.2,1016.3,2025-04-22,0.0
Włodawa,22.8,55.4,1012.9,2025-04-22,0.0
Wrocław,19.2,53.5,1016.6,2025-04-22,5.7
Zakopane,15.6,62.6,,2025-04-22,0.0
Zamość,19.0,58.4,1013.7,2025-04-22,0.0
Zielona Góra,18.1,58.6,1016.3,2025-04-22,11.5
Białystok,18.7,49.5,1017.0,2025-04-23,0.01
Bielsko Biała,21.1,41.4,1014.3,2025-04-23,0.0
Chojnice,16.1,63.6,1017.0,2025-04-23,0.01
Częstochowa,20.4,40.3,1015.4,2025-04-23,0.0
Elbląg,17.1,51.6,1017.2,2025-04-23,0.5
Gdańsk,13.4,91.1,1017.3,2025-04-23,0.01
Gorzów,18.0,56.2,1016.9,2025-04-23,0.1
Hel,11.8,89.8,1017.6,2025-04-23,1.4
Jelenia Góra,18.1,55.5,1015.4,2025-04-23,0.0
Kalisz,19.2,51.4,1016.7,2025-04-23,0.0
Kasprowy Wierch,6.8,77.6,,2025-04-23,2.7
Katowice,20.5,38.4,1014.9,2025-04-23,0.01
Kętrzyn,17.9,49.3,1017.6,2025-04-23,0.01
Kielce,21.0,34.2,1015.6,2025-04-23,0.5
Kłodzko,18.6,51.2,1015.3,2025-04-23,0.0
Koło,16.9,67.3,1017.2,2025-04-23,0.4
Kołobrzeg,13.7,73.4,1018.6,2025-04-23,0.1
Koszalin,13.5,65.7,1018.3,2025-04-23,0.0
Kozienice,20.7,40.4,1016.4,2025-04-23,0.0
Kraków,21.3,42.3,1015.4,2025-04-23,0.01
Krosno,19.8,53.3,1015.2,2025-04-23,5.6
Legnica,19.3,57.3,1016.0,2025-04-23,0.0
Lesko,20.7,56.4,1014.5,2025-04-23,5.8
Leszno,19.0,53.5,1016.4,2025-04-23,0.0
Lębork,14.9,74.6,1017.0,2025-04-23,1.3
Lublin,19.1,54.2,1016.2,2025-04-23,0.0
Łeba,12.3,74.7,1017.7,2025-04-23,0.1
Łódź,19.7,46.5,1016.6,2025-04-23,0.01
Mikołajki,17.1,53.4,1017.9,2025-04-23,0.01
Mława,18.6,46.5,1017.1,2025-04-23,0.0
Nowy Sącz,21.8,44.2,1014.7,2025-04-23,0.0
Olsztyn,19.4,45.4,1017.0,2025-04-23,0.0
Opole,20.1,51.2,1015.6,2025-04-23,0.0
Ostrołęka,19.9,48.1,1017.3,2025-04-23,0.0
Piła,16.4,70.4,1016.9,2025-04-23,0.3
Platforma,,,,2025-04-23,0.0
Płock,17.8,57.4,1016.9,2025-04-23,0.0
Poznań,19.2,46.4,1016.6,2025-04-23,5.2
Przemyśl,19.7,61.3,1015.4,2025-04-23,2.8
Racibórz,22.1,40.2,1014.5,2025-04-23,0.0
Resko,16.1,64.5,1017.9,2025-04-23,9.2
Rzeszów,21.9,35.2,1015.1,2025-04-23,0.6
Sandomierz,21.0,41.3,1015.6,2025-04-23,0.0
Siedlce,19.5,47.4,1016.9,2025-04-23,0.0
Słubice,17.2,58.4,1017.0,2025-04-23,0.0
Sulejów,20.0,43.4,1016.3,2025-04-23,0.0
Suwałki,15.5,57.6,1018.2,2025-04-23,0.01
Szczecin,17.0,53.4,1017.5,2025-04-23,0.0
Szczecinek,17.1,54.9,1017.1,2025-04-23,0.0
Śnieżka,7.6,58.7,,2025-04-23,0.0
Świnoujście,13.7,69.5,1018.5,2025-04-23,0.1
Tarnów,22.0,44.2,1014.8,2025-04-23,0.3
Terespol,20.1,47.2,1016.3,2025-04-23,0.01
Toruń,19.5,42.4,1016.6,2025-04-23,0.0
Ustka,9.9,92.8,1018.3,2025-04-23,0.1
Warszawa,20.5,38.5,1016.8,2025-04-23,0.01
Wieluń,20.1,50.2,1016.1,2025-04-23,0.0
Włodawa,20.7,45.4,1016.0,2025-04-23,2.2
Wrocław,20.8,52.4,1015.8,2025-04-23,0.0
Zakopane,17.6,44.3,,2025-04-23,2.2
Zamość,20.3,54.5,1015.7,2025-04-23,3.1
Zielona Góra,17.3,53.4,1016.5,2025-04-23,0.0
Białystok,20.4,40.3,1013.0,2025-04-24,0.0
Bielsko Biała,18.6,60.3,1010.3,2025-04-24,0.0
Chojnice,15.3,52.6,1015.9,2025-04-24,0.01
Częstochowa,20.4,46.3,1010.4,2025-04-24,0.0
Elbląg,8.8,98.0,1017.0,2025-04-24,5.6
Gdańsk,8.9,94.7,1017.5,2025-04-24,0.9
Gorzów,18.5,38.5,1015.1,2025-04-24,0.01
Hel,8.4,92.7,1018.3,2025-04-24,0.2
Jelenia Góra,13.8,81.8,1013.5,2025-04-24,4.8
Kalisz,13.6,98.7,1013.8,2025-04-24,1.0
Kasprowy Wierch,4.4,93.1,,2025-04-24,0.0
Katowice,21.7,38.2,1009.4,2025-04-24,0.0
Kętrzyn,18.8,56.4,1014.0,2025-04-24,0.01
Kielce,20.9,44.3,1010.8,2025-04-24,0.0
Kłodzko,13.6,91.1,1013.1,2025-04-24,0.01
Koło,15.2,80.9,1014.4,2025-04-24,5.1
Kołobrzeg,11.5,82.7,1017.9,2025-04-24,0.0
Koszalin,13.2,66.6,1017.5,2025-04-24,0.01
Kozienice,22.4,37.3,1011.8,2025-04-24,0.0
Kraków,21.4,46.2,1009.7,2025-04-24,0.0
Krosno,17.0,65.5,1010.6,2025-04-24,0.01
Legnica,14.9,85.9,1013.8,2025-04-24,2.5
Lesko,19.3,49.3,1010.0,2025-04-24,0.1
Leszno,12.7,96.7,1015.0,2025-04-24,0.5
Lębork,13.0,75.9,1017.4,2025-04-24,1.0
Lublin,20.6,49.3,1011.6,2025-04-24,0.0
Łeba,7.4,92.7,1018.7,2025-04-24,0.4
Łódź,20.9,40.2,1012.2,2025-04-24,0.6
Mikołajki,19.1,55.3,1013.7,2025-04-24,0.0
Mława,18.8,51.3,1013.7,2025-04-24,0.0
Nowy Sącz,21.3,46.2,1009.0,2025-04-24,0.0
Olsztyn,16.2,67.6,1014.9,2025-04-24,0.0
Opole,19.4,57.3,1011.7,2025-04-24,0.01
Ostrołęka,19.4,50.4,1013.4,2025-04-24,0.0
Piła,17.9,44.5,1015.2,2025-04-24,2.5
Platforma,,,,2025-04-24,0.0
Płock,17.1,64.7,1013.9,2025-04-24,0.4
Poznań,14.7,76.6,1015.1,2025-04-24,0.01
Przemyśl,23.1,42.1,1009.3,2025-04-24,0.0
Racibórz,19.3,60.4,1011.1,2025-04-24,0.0
Resko,14.9,63.4,1016.9,2025-04-24,0.1
Rzeszów,22.5,46.2,1009.8,2025-04-24,0.0
Sandomierz,21.5,50.2,1010.7,2025-04-24,0.0
Siedlce,21.8,42.4,1012.6,2025-04-24,0.0
Słubice,18.3,49.4,1014.9,2025-04-24,0.0
Sulejów,20.9,43.4,1011.3,2025-04-24,0.0
Suwałki,14.9,73.6,1013.9,2025-04-24,0.0
Szczecin,15.7,53.5,1016.7,2025-04-24,0.0
Szczecinek,16.2,47.9,1016.0,2025-04-24,0.0
Śnieżka,4.7,100.0,,2025-04-24,9.9
Świnoujście,12.1,80.6,1018.2,2025-04-24,0.0
Tarnów,22.4,43.1,1009.2,2025-04-24,0.2
Terespol,21.4,35.3,1012.7,2025-04-24,0.0
Toruń,13.1,77.4,1015.7,2025-04-24,0.01
Ustka,8.4,94.6,1018.4,2025-04-24,0.0
Warszawa,21.2,46.2,1012.8,2025-04-24,0.0
Wieluń,20.5,46.3,1011.3,2025-04-24,0.1
Włodawa,21.2,38.4,1012.0,2025-04-24,0.0
Wrocław,14.0,93.0,1013.6,2025-04-24,0.1
Zakopane,14.6,63.7,,2025-04-24,0.0
Zamość,22.0,50.3,1011.0,2025-04-24,0.0
Zielona Góra,13.0,86.9,1014.9,2025-04-24,0.01
Białystok,14.1,39.6,1015.9,2025-04-25,0.2
Bielsko Biała,10.8,98.7,1013.8,2025-04-25,17.1
Chojnice,13.1,38.4,1020.0,2025-04-25,0.0
Częstochowa,9.7,94.0,1015.7,2025-04-25,3.2
Elbląg,8.2,56.8,1021.0,2025-04-25,0.0
Gdańsk,7.7,70.9,1022.3,2025-04-25,0.0
Gorzów,16.1,26.6,1019.2,2025-04-25,0.0
Hel,8.6,62.5,1023.0,2025-04-25,0.0
Jelenia Góra,8.2,85.9,1018.6,2025-04-25,6.4
Kalisz,8.7,92.1,1018.3,2025-04-25,20.9
Kasprowy Wierch,3.7,100.0,,2025-04-25,18.5
Katowice,11.5,91.0,1014.2,2025-04-25,34.2
Kętrzyn,13.8,37.5,1018.4,2025-04-25,0.0
Kielce,11.4,94.1,1014.5,2025-04-25,2.7
Kłodzko,7.3,93.9,1017.6,2025-04-25,11.1
Koło,12.7,57.8,1017.7,2025-04-25,7.5
Kołobrzeg,8.7,66.7,1022.8,2025-04-25,0.0
Koszalin,10.9,59.5,1021.8,2025-04-25,0.0
Kozienice,10.8,89.1,1015.8,2025-04-25,0.7
Kraków,12.5,92.9,1013.5,2025-04-25,4.3
Krosno,15.8,69.4,1011.6,2025-04-25,0.5
Legnica,9.0,85.9,1018.6,2025-04-25,7.5
Lesko,18.2,68.4,1010.4,2025-04-25,2.7
Leszno,12.4,73.7,1018.5,2025-04-25,13.5
Lębork,10.9,47.6,1022.1,2025-04-25,1.6
Lublin,10.2,98.0,1014.6,2025-04-25,3.4
Łeba,7.8,66.5,1023.1,2025-04-25,0.0
Łódź,11.8,74.6,1016.9,2025-04-25,6.7
Mikołajki,13.3,41.4,1018.3,2025-04-25,0.0
Mława,14.7,40.6,1017.4,2025-04-25,0.0
Nowy Sącz,15.5,83.7,1011.4,2025-04-25,3.0
Olsztyn,13.2,36.5,1018.8,2025-04-25,0.0
Opole,9.6,94.0,1016.3,2025-04-25,1.5
Ostrołęka,15.7,40.9,1016.8,2025-04-25,0.1
Piła,15.3,29.6,1019.4,2025-04-25,0.0
Platforma,,,,2025-04-25,0.0
Płock,13.9,53.4,1017.1,2025-04-25,4.6
Poznań,14.0,38.4,1018.5,2025-04-25,0.01
Przemyśl,17.4,66.5,1011.0,2025-04-25,0.5
Racibórz,9.8,94.1,1015.1,2025-04-25,2.8
Resko,13.8,42.5,1021.0,2025-04-25,0.0
Rzeszów,13.9,91.1,1012.4,2025-04-25,0.01
Sandomierz,12.0,96.1,1013.9,2025-04-25,6.5
Siedlce,12.8,65.6,1015.8,2025-04-25,0.2
Słubice,16.4,31.4,1019.1,2025-04-25,0.0
Sulejów,10.3,86.1,1016.1,2025-04-25,1.8
Suwałki,11.8,40.7,1017.9,2025-04-25,0.5
Szczecin,15.5,36.6,1020.6,2025-04-25,0.0
Szczecinek,14.3,35.5,1020.2,2025-04-25,0.0
Śnieżka,-0.2,100.0,,2025-04-25,5.1
Świnoujście,10.5,61.6,1022.8,2025-04-25,0.0
Tarnów,14.3,84.7,1012.6,2025-04-25,3.5
Terespol,10.2,87.8,1015.5,2025-04-25,0.0
Toruń,13.1,45.5,1019.1,2025-04-25,0.0
Ustka,7.1,76.6,1022.8,2025-04-25,0.0
Warszawa,15.2,57.6,1015.9,2025-04-25,12.5
Wieluń,9.3,92.7,1016.8,2025-04-25,33.8
Włodawa,11.0,98.7,1014.4,2025-04-25,3.0
Wrocław,8.1,94.0,1018.3,2025-04-25,17.8
Zakopane,10.9,92.8,,2025-04-25,4.3
Zamość,12.1,91.6,1013.4,2025-04-25,7.7
Zielona Góra,13.8,48.7,1018.4,2025-04-25,0.3
Białystok,6.3,41.7,1026.4,2025-04-26,0.0
Bielsko Biała,8.5,58.5,1024.6,2025-04-26,8.2
Chojnice,5.2,41.7,1029.5,2025-04-26,0.0
Częstochowa,8.8,46.7,1025.8,2025-04-26,0.7
Elbląg,3.0,66.0,1029.7,2025-04-26,0.0
Gdańsk,5.4,63.6,1029.7,2025-04-26,0.0
Gorzów,9.8,37.5,1027.1,2025-04-26,0.0
Hel,2.7,72.6,1030.0,2025-04-26,0.0
Jelenia Góra,4.4,70.8,1027.3,2025-04-26,0.0
Kalisz,8.0,65.6,1026.9,2025-04-26,0.01
Kasprowy Wierch,-4.2,100.0,,2025-04-26,27.1
Katowice,10.2,46.7,1024.9,2025-04-26,1.2
Kętrzyn,4.5,47.6,1028.5,2025-04-26,0.0
Kielce,6.5,53.5,1026.1,2025-04-26,9.2
Kłodzko,7.3,60.8,1026.1,2025-04-26,7.3
Koło,7.3,55.3,1026.9,2025-04-26,999.8
Kołobrzeg,7.0,58.6,1029.3,2025-04-26,0.0
Koszalin,5.1,52.7,1029.3,2025-04-26,0.0
Kozienice,4.3,65.7,1026.4,2025-04-26,1.1
Kraków,8.2,63.7,1025.1,2025-04-26,6.8
Krosno,7.3,54.5,1024.9,2025-04-26,12.8
Legnica,7.6,63.6,1026.7,2025-04-26,0.0
Lesko,6.7,54.7,1024.9,2025-04-26,26.4
Leszno,6.8,65.8,1027.2,2025-04-26,0.0
Lębork,4.7,46.6,1029.7,2025-04-26,2.0
Lublin,4.3,62.0,1026.2,2025-04-26,8.4
Łeba,4.2,63.8,1029.8,2025-04-26,0.0
Łódź,5.9,57.9,1026.9,2025-04-26,0.01
Mikołajki,4.9,47.7,1028.3,2025-04-26,0.0
Mława,6.8,44.8,1028.1,2025-04-26,0.0
Nowy Sącz,8.1,59.7,1025.0,2025-04-26,12.4
Olsztyn,5.9,43.8,1028.8,2025-04-26,0.0
Opole,8.1,58.8,1025.7,2025-04-26,1.1
Ostrołęka,6.9,45.5,1027.5,2025-04-26,0.0
Piła,8.7,45.6,1028.0,2025-04-26,0.0
Platforma,,,,2025-04-26,0.0
Płock,5.9,55.8,1027.3,2025-04-26,0.0
Poznań,7.7,44.7,1027.4,2025-04-26,0.0
Przemyśl,7.5,53.7,1024.8,2025-04-26,11.7
Racibórz,9.2,53.8,1024.6,2025-04-26,2.4
Resko,5.5,45.8,1028.9,2025-04-26,0.0
Rzeszów,6.8,53.6,1025.3,2025-04-26,7.2
Sandomierz,6.7,52.7,1025.7,2025-04-26,13.7
Siedlce,5.4,44.7,1026.7,2025-04-26,0.8
Słubice,9.4,42.5,1026.8,2025-04-26,0.0
Sulejów,7.0,50.5,1026.4,2025-04-26,0.7
Suwałki,4.9,46.7,1027.1,2025-04-26,0.0
Szczecin,9.5,49.7,1028.3,2025-04-26,0.0
Szczecinek,7.8,46.4,1028.6,2025-04-26,0.0
Śnieżka,-3.6,87.9,,2025-04-26,0.9
Świnoujście,7.8,62.7,1029.1,2025-04-26,0.0
Tarnów,7.3,61.7,1025.0,2025-04-26,5.9
Terespol,6.5,37.7,1025.9,2025-04-26,0.6
Toruń,5.9,38.8,1028.6,2025-04-26,0.0
Ustka,5.6,65.5,1029.8,2025-04-26,0.0
Warszawa,8.9,34.5,1026.7,2025-04-26,0.1
Wieluń,8.5,52.8,1026.4,2025-04-26,0.3
Włodawa,5.8,49.8,1025.6,2025-04-26,6.6
Wrocław,10.1,53.6,1026.3,2025-04-26,3.4
Zakopane,5.0,64.9,,2025-04-26,28.7
Zamość,5.2,65.9,1025.6,2025-04-26,6.2
Zielona Góra,9.0,34.6,1027.0,2025-04-26,0.0
Białystok,11.2,39.7,1030.1,2025-04-28,0.0
Bielsko Biała,11.0,53.4,1028.7,2025-04-28,0.0
Chojnice,10.8,46.5,1029.1,2025-04-28,0.0
Częstochowa,12.7,38.6,1028.6,2025-04-28,0.0
Elbląg,10.1,41.5,1029.0,2025-04-28,0.0
Gdańsk,10.3,53.7,1029.1,2025-04-28,0.0
Gorzów,10.4,47.4,1028.5,2025-04-28,0.0
Hel,9.3,57.4,1029.1,2025-04-28,0.0
Jelenia Góra,9.4,65.8,1028.4,2025-04-28,0.0
Kalisz,11.9,49.6,1029.2,2025-04-28,0.0
Kasprowy Wierch,2.9,68.9,,2025-04-28,0.0
Katowice,10.9,49.7,1028.9,2025-04-28,0.0
Kętrzyn,11.0,44.6,1029.2,2025-04-28,0.0
Kielce,11.9,38.7,1029.7,2025-04-28,0.0
Kłodzko,6.9,73.8,1029.3,2025-04-28,0.0
Koło,11.2,48.4,1029.2,2025-04-28,999.8
Kołobrzeg,12.5,43.7,1028.6,2025-04-28,0.0
Koszalin,11.5,44.7,1028.8,2025-04-28,0.0
Kozienice,11.4,50.6,1030.4,2025-04-28,0.0
Kraków,10.0,56.8,1029.6,2025-04-28,0.0
Krosno,8.3,49.7,1030.0,2025-04-28,0.0
Legnica,9.7,70.7,1028.5,2025-04-28,0.0
Lesko,8.8,57.7,1029.7,2025-04-28,0.0
Leszno,11.3,51.6,1028.7,2025-04-28,0.0
Lębork,12.1,38.5,1028.7,2025-04-28,0.0
Lublin,11.8,40.7,1030.2,2025-04-28,0.0
Łeba,12.3,41.5,1028.5,2025-04-28,0.0
Łódź,12.1,45.5,1029.4,2025-04-28,0.0
Mikołajki,10.4,49.6,1029.5,2025-04-28,0.0
Mława,11.3,39.7,1029.6,2025-04-28,0.0
Nowy Sącz,8.5,61.5,1029.9,2025-04-28,0.0
Olsztyn,10.9,39.6,1029.4,2025-04-28,0.0
Opole,9.6,54.7,1028.9,2025-04-28,0.0
Ostrołęka,10.8,42.3,1030.0,2025-04-28,0.0
Piła,11.1,40.5,1028.9,2025-04-28,0.0
Platforma,,,,2025-04-28,0.0
Płock,11.0,47.6,1029.6,2025-04-28,0.0
Poznań,11.9,42.6,1028.7,2025-04-28,0.0
Przemyśl,9.1,54.5,1029.9,2025-04-28,0.0
Racibórz,8.6,65.7,1029.0,2025-04-28,0.0
Resko,11.6,45.7,1028.9,2025-04-28,0.0
Rzeszów,10.3,54.4,1029.8,2025-04-28,0.0
Sandomierz,11.1,44.6,1030.1,2025-04-28,0.0
Siedlce,11.7,35.6,1030.3,2025-04-28,0.0
Słubice,11.4,48.8,1028.2,2025-04-28,0.0
Sulejów,10.2,53.6,1029.8,2025-04-28,0.0
Suwałki,9.9,44.6,1029.4,2025-04-28,0.0
Szczecin,11.4,55.5,1028.7,2025-04-28,0.0
Szczecinek,11.6,43.1,1028.9,2025-04-28,0.0
Śnieżka,4.3,51.7,,2025-04-28,0.0
Świnoujście,12.9,46.4,1028.3,2025-04-28,0.0
Tarnów,11.6,43.4,1029.2,2025-04-28,0.0
Terespol,10.5,40.7,1030.7,2025-04-28,0.0
Toruń,12.2,34.7,1029.4,2025-04-28,0.0
Ustka,11.4,41.5,1028.5,2025-04-28,0.0
Warszawa,11.4,45.7,1030.0,2025-04-28,0.0
Wieluń,11.5,46.7,1029.0,2025-04-28,0.0
Włodawa,11.5,38.6,1030.6,2025-04-28,0.0
Wrocław,10.2,57.7,1028.7,2025-04-28,0.0
Zakopane,12.4,37.7,,2025-04-28,0.0
Zamość,11.7,52.5,1030.4,2025-04-28,0.0
Zielona Góra,11.1,50.5,1028.1,2025-04-28,0.0
Białystok,20.0,26.4,1016.0,2025-05-02,
Bielsko Biała,23.8,31.3,1016.2,2025-05-02,
Chojnice,23.8,34.2,1010.3,2025-05-02,
Częstochowa,24.9,29.2,1014.8,2025-05-02,
Elbląg,20.6,37.4,1011.1,2025-05-02,
Gdańsk,21.8,39.3,1011.3,2025-05-02,
Gorzów,26.3,32.1,1011.6,2025-05-02,
Hel,18.3,51.5,1010.6,2025-05-02,
Jelenia Góra,23.5,31.2,1014.0,2025-05-02,
Kalisz,25.3,39.1,1013.2,2025-05-02,
Kasprowy Wierch,10.4,50.6,,2025-05-02,
Katowice,24.1,33.4,1015.6,2025-05-02,
Kętrzyn,21.7,37.4,1012.9,2025-05-02,
Kielce,22.4,37.3,1016.3,2025-05-02,
Kłodzko,23.3,43.3,1015.3,2025-05-02,
Koło,24.4,36.8,1013.2,2025-05-02,
Kołobrzeg,16.2,70.4,1011.5,2025-05-02,
Koszalin,20.7,50.3,1010.9,2025-05-02,
Kozienice,22.5,32.3,1016.0,2025-05-02,
Kraków,24.1,32.2,1016.3,2025-05-02,
Krosno,21.3,35.3,1017.4,2025-05-02,
Legnica,26.2,31.2,1013.4,2025-05-02,
Lesko,20.6,32.5,1017.4,2025-05-02,
Leszno,26.5,30.2,1012.4,2025-05-02,
Lębork,21.4,43.2,1009.5,2025-05-02,
Lublin,20.2,36.3,1017.3,2025-05-02,
Łeba,21.2,45.3,1009.4,2025-05-02,
Łódź,25.2,31.2,1013.7,2025-05-02,
Mikołajki,20.5,35.4,1013.6,2025-05-02,
Mława,22.3,31.3,1013.8,2025-05-02,
Nowy Sącz,23.5,32.3,1016.5,2025-05-02,
Olsztyn,22.4,35.3,1012.7,2025-05-02,
Opole,25.1,34.3,1014.6,2025-05-02,
Ostrołęka,22.1,27.9,1014.4,2025-05-02,
Piła,25.6,35.1,1010.9,2025-05-02,
Platforma,,,,2025-05-02,
Płock,22.9,36.2,1013.5,2025-05-02,
Poznań,26.5,30.2,1011.6,2025-05-02,
Przemyśl,20.3,30.2,1017.7,2025-05-02,
Racibórz,24.6,35.1,1015.6,2025-05-02,
Resko,23.6,45.2,1011.1,2025-05-02,
Rzeszów,21.5,35.4,1017.4,2025-05-02,
Sandomierz,21.2,38.4,1017.1,2025-05-02,
Siedlce,21.6,33.4,1016.2,2025-05-02,
Słubice,27.6,25.3,1011.9,2025-05-02,
Sulejów,23.9,34.2,1014.7,2025-05-02,
Suwałki,19.8,31.4,1014.1,2025-05-02,
Szczecin,24.6,38.1,1011.5,2025-05-02,
Szczecinek,25.4,33.4,1010.1,2025-05-02,
Śnieżka,12.4,62.3,,2025-05-02,
Świnoujście,21.8,45.4,1011.5,2025-05-02,
Tarnów,23.0,35.2,1016.6,2025-05-02,
Terespol,20.5,26.4,1017.4,2025-05-02,
Toruń,24.2,32.3,1012.3,2025-05-02,
Ustka,16.9,57.6,1010.5,2025-05-02,
Warszawa,22.8,30.4,1014.9,2025-05-02,
Wieluń,25.2,37.2,1014.1,2025-05-02,
Włodawa,20.5,27.3,1017.7,2025-05-02,
Wrocław,26.3,34.1,1013.5,2025-05-02,
Zakopane,19.1,34.5,,2025-05-02,
Zamość,20.0,30.3,1018.0,2025-05-02,
Zielona Góra,26.3,26.2,1012.2,2025-05-02,
Białystok,17.6,49.3,1007.3,2025-05-03,
Bielsko Biała,25.9,30.2,1007.9,2025-05-03,
Chojnice,16.2,41.6,1007.9,2025-05-03,
Częstochowa,22.3,45.2,1008.2,2025-05-03,
Elbląg,12.4,64.6,1007.7,2025-05-03,
Gdańsk,12.4,71.7,1008.0,2025-05-03,
Gorzów,17.2,47.5,1009.2,2025-05-03,
Hel,14.3,55.4,1008.0,2025-05-03,
Jelenia Góra,19.7,62.6,1008.4,2025-05-03,
Kalisz,21.9,60.2,1008.2,2025-05-03,
Kasprowy Wierch,11.9,56.3,,2025-05-03,
Katowice,18.7,82.9,1009.1,2025-05-03,
Kętrzyn,16.3,48.6,1007.3,2025-05-03,
Kielce,25.3,40.1,1007.5,2025-05-03,
Kłodzko,24.3,45.0,1007.4,2025-05-03,
Koło,20.3,57.5,1008.0,2025-05-03,
Kołobrzeg,12.2,60.6,1009.7,2025-05-03,
Koszalin,12.9,51.7,1009.5,2025-05-03,
Kozienice,22.8,45.3,1007.4,2025-05-03,
Kraków,24.8,36.1,1008.1,2025-05-03,
Krosno,25.2,39.0,1008.6,2025-05-03,
Legnica,21.6,59.3,1008.5,2025-05-03,
Lesko,24.6,40.2,1008.8,2025-05-03,
Leszno,20.9,57.2,1008.6,2025-05-03,
Lębork,13.4,49.6,1008.3,2025-05-03,
Lublin,22.3,56.4,1007.9,2025-05-03,
Łeba,12.8,57.4,1008.5,2025-05-03,
Łódź,21.8,51.3,1007.8,2025-05-03,
Mikołajki,16.9,46.4,1007.2,2025-05-03,
Mława,18.7,48.5,1007.3,2025-05-03,
Nowy Sącz,24.6,31.2,1007.8,2025-05-03,
Olsztyn,17.1,47.5,1007.2,2025-05-03,
Opole,22.2,49.3,1008.5,2025-05-03,
Ostrołęka,19.4,45.1,1007.5,2025-05-03,
Piła,18.1,35.5,1008.1,2025-05-03,
Platforma,,,,2025-05-03,
Płock,18.3,64.4,1007.9,2025-05-03,
Poznań,21.0,47.4,1008.0,2025-05-03,
Przemyśl,25.6,37.1,1008.3,2025-05-03,
Racibórz,23.8,45.2,1008.2,2025-05-03,
Resko,14.2,52.3,1009.7,2025-05-03,
Rzeszów,26.2,39.0,1008.1,2025-05-03,
Sandomierz,25.0,39.3,1007.7,2025-05-03,
Siedlce,19.6,61.3,1008.1,2025-05-03,
Słubice,17.8,53.6,1009.3,2025-05-03,
Sulejów,23.2,48.2,1007.5,2025-05-03,
Suwałki,16.0,41.5,1006.9,2025-05-03,
Szczecin,15.9,47.5,1009.6,2025-05-03,
Szczecinek,15.2,44.1,1008.5,2025-05-03,
Śnieżka,12.1,76.7,,2025-05-03,
Świnoujście,14.3,52.4,1009.5,2025-05-03,
Tarnów,27.0,31.2,1007.3,2025-05-03,
Terespol,21.4,53.3,1007.7,2025-05-03,
Toruń,20.3,41.5,1007.2,2025-05-03,
Ustka,11.3,73.5,1009.0,2025-05-03,
Warszawa,20.7,56.4,1008.0,2025-05-03,
Wieluń,23.4,50.3,1007.7,2025-05-03,
Włodawa,22.6,54.2,1007.9,2025-05-03,
Wrocław,21.1,65.4,1008.8,2025-05-03,
Zakopane,22.5,35.3,,2025-05-03,
Zamość,23.8,49.0,1008.0,2025-05-03,
Zielona Góra,19.1,59.2,1008.7,2025-05-03,
Białystok,12.2,71.7,1002.8,2025-05-04,
Bielsko Biała,10.5,82.0,1009.5,2025-05-04,
Chojnice,10.2,66.5,1004.8,2025-05-04,
Częstochowa,16.2,41.6,1007.5,2025-05-04,
Elbląg,10.9,59.5,1002.7,2025-05-04,
Gdańsk,12.3,60.6,1002.5,2025-05-04,
Gorzów,11.9,57.6,1008.1,2025-05-04,
Hel,11.4,68.6,1002.4,2025-05-04,
Jelenia Góra,11.7,52.5,1010.2,2025-05-04,
Kalisz,12.2,61.5,1008.1,2025-05-04,
Kasprowy Wierch,7.5,80.5,,2025-05-04,
Katowice,13.8,55.7,1008.6,2025-05-04,
Kętrzyn,12.0,72.6,1002.6,2025-05-04,
Kielce,15.7,52.3,1006.5,2025-05-04,
Kłodzko,15.0,42.5,1008.2,2025-05-04,
Koło,13.5,47.2,1006.4,2025-05-04,
Kołobrzeg,11.2,78.8,1005.3,2025-05-04,
Koszalin,11.6,63.6,1004.5,2025-05-04,
Kozienice,16.2,42.5,1005.3,2025-05-04,
Kraków,12.7,71.8,1008.9,2025-05-04,
Krosno,14.0,72.5,1007.4,2025-05-04,
Legnica,12.5,53.4,1009.8,2025-05-04,
Lesko,14.5,75.6,1007.1,2025-05-04,
Leszno,12.3,57.7,1009.0,2025-05-04,
Lębork,11.8,58.4,1002.1,2025-05-04,
Lublin,14.8,62.5,1005.2,2025-05-04,
Łeba,8.1,84.1,1002.1,2025-05-04,
Łódź,13.0,48.5,1007.4,2025-05-04,
Mikołajki,10.1,87.8,1003.3,2025-05-04,
Mława,12.8,53.5,1004.4,2025-05-04,
Nowy Sącz,15.1,74.6,1007.4,2025-05-04,
Olsztyn,10.6,76.6,1003.6,2025-05-04,
Opole,15.9,39.5,1008.4,2025-05-04,
Ostrołęka,14.4,50.2,1003.7,2025-05-04,
Piła,12.5,56.6,1006.1,2025-05-04,
Platforma,,,,2025-05-04,
Płock,12.8,52.4,1005.8,2025-05-04,
Poznań,13.4,45.5,1007.4,2025-05-04,
Przemyśl,16.8,69.6,1005.7,2025-05-04,
Racibórz,13.6,62.6,1008.9,2025-05-04,
Resko,10.2,76.5,1006.0,2025-05-04,
Rzeszów,15.9,60.6,1006.6,2025-05-04,
Sandomierz,15.6,53.4,1006.1,2025-05-04,
Siedlce,16.0,49.6,1004.2,2025-05-04,
Słubice,12.8,53.5,1009.0,2025-05-04,
Sulejów,14.3,51.6,1006.9,2025-05-04,
Suwałki,9.1,78.0,1002.3,2025-05-04,
Szczecin,9.6,74.8,1007.7,2025-05-04,
Szczecinek,10.2,74.4,1005.0,2025-05-04,
Śnieżka,-0.2,92.9,,2025-05-04,
Świnoujście,9.8,78.6,1006.8,2025-05-04,
Tarnów,14.5,66.4,1007.5,2025-05-04,
Terespol,17.5,50.3,1003.3,2025-05-04,
Toruń,13.0,52.4,1005.3,2025-05-04,
Ustka,8.8,85.9,1003.1,2025-05-04,
Warszawa,14.8,43.7,1005.5,2025-05-04,
Wieluń,13.6,51.5,1008.3,2025-05-04,
Włodawa,17.0,52.3,1004.0,2025-05-04,
Wrocław,13.6,52.6,1009.5,2025-05-04,
Zakopane,15.8,58.5,,2025-05-04,
Zamość,16.1,61.4,1005.3,2025-05-04,
Zielona Góra,12.0,57.6,1009.0,2025-05-04,
Białystok,9.7,41.7,1015.4,2025-05-05,
Bielsko Biała,10.5,60.7,1014.3,2025-05-05,
Chojnice,9.5,32.7,1018.6,2025-05-05,
Częstochowa,7.5,64.5,1016.6,2025-05-05,
Elbląg,7.1,46.6,1018.6,2025-05-05,
Gdańsk,8.4,42.6,1019.2,2025-05-05,
Gorzów,11.7,27.7,1018.3,2025-05-05,
Hel,9.7,43.6,1019.4,2025-05-05,
Jelenia Góra,9.9,52.8,1016.5,2025-05-05,
Kalisz,9.3,55.8,1017.3,2025-05-05,
Kasprowy Wierch,-0.6,100.0,,2025-05-05,
Katowice,10.8,55.7,1015.2,2025-05-05,
Kętrzyn,10.5,39.5,1016.6,2025-05-05,
Kielce,8.1,66.5,1015.8,2025-05-05,
Kłodzko,9.3,58.7,1016.1,2025-05-05,
Koło,8.2,52.7,1017.3,2025-05-05,
Kołobrzeg,9.5,46.5,1020.4,2025-05-05,
Koszalin,9.0,41.8,1019.9,2025-05-05,
Kozienice,8.1,80.0,1015.8,2025-05-05,
Kraków,10.5,60.7,1015.0,2025-05-05,
Krosno,10.9,61.6,1013.6,2025-05-05,
Legnica,11.8,45.4,1016.9,2025-05-05,
Lesko,10.8,59.4,1013.1,2025-05-05,
Leszno,10.1,53.6,1017.6,2025-05-05,
Lębork,9.7,32.7,1019.0,2025-05-05,
Lublin,10.3,69.9,1014.7,2025-05-05,
Łeba,9.4,44.5,1019.7,2025-05-05,
Łódź,7.8,61.8,1017.2,2025-05-05,
Mikołajki,10.0,36.8,1016.5,2025-05-05,
Mława,8.8,46.7,1017.0,2025-05-05,
Nowy Sącz,12.2,69.7,1013.7,2025-05-05,
Olsztyn,10.0,37.6,1017.2,2025-05-05,
Opole,10.7,48.6,1016.1,2025-05-05,
Ostrołęka,10.3,38.2,1016.2,2025-05-05,
Piła,10.6,32.7,1018.4,2025-05-05,
Platforma,,,,2025-05-05,
Płock,8.2,52.7,1017.1,2025-05-05,
Poznań,11.3,31.7,1017.6,2025-05-05,
Przemyśl,10.7,68.0,1013.5,2025-05-05,
Racibórz,11.0,56.6,1015.0,2025-05-05,
Resko,10.2,38.5,1019.5,2025-05-05,
Rzeszów,11.4,57.5,1014.0,2025-05-05,
Sandomierz,10.8,60.7,1014.6,2025-05-05,
Siedlce,9.0,65.8,1015.7,2025-05-05,
Słubice,12.1,36.5,1017.9,2025-05-05,
Sulejów,7.3,73.9,1016.8,2025-05-05,
Suwałki,9.0,35.6,1015.8,2025-05-05,
Szczecin,11.5,31.5,1019.2,2025-05-05,
Szczecinek,10.6,35.6,1018.7,2025-05-05,
Śnieżka,-3.2,97.0,,2025-05-05,
Świnoujście,10.0,46.7,1020.5,2025-05-05,
Tarnów,11.4,60.4,1014.0,2025-05-05,
Terespol,9.8,59.7,1014.7,2025-05-05,
Toruń,10.1,46.7,1017.9,2025-05-05,
Ustka,11.1,38.5,1020.1,2025-05-05,
Warszawa,9.3,58.7,1016.3,2025-05-05,
Wieluń,10.3,50.6,1016.5,2025-05-05,
Włodawa,8.3,77.8,1014.9,2025-05-05,
Wrocław,11.4,47.7,1016.6,2025-05-05,
Zakopane,7.6,76.6,,2025-05-05,
Zamość,10.6,62.4,1014.0,2025-05-05,
Zielona Góra,10.9,43.6,1017.4,2025-05-05,
Białystok,13.1,31.7,1015.1,2025-05-06,
Bielsko Biała,9.9,64.5,1015.1,2025-05-06,
Chojnice,13.5,29.5,1015.4,2025-05-06,
Częstochowa,11.1,50.5,1015.9,2025-05-06,
Elbląg,12.3,37.7,1014.8,2025-05-06,
Gdańsk,14.0,32.7,1015.0,2025-05-06,
Gorzów,14.6,27.7,1016.4,2025-05-06,
Hel,13.5,49.7,1015.4,2025-05-06,
Jelenia Góra,11.3,41.5,1016.8,2025-05-06,
Kalisz,12.7,49.4,1016.6,2025-05-06,
Kasprowy Wierch,2.6,100.0,,2025-05-06,
Katowice,11.8,48.5,1015.1,2025-05-06,
Kętrzyn,13.5,34.5,1015.1,2025-05-06,
Kielce,11.8,49.6,1015.4,2025-05-06,
Kłodzko,9.2,57.8,1016.9,2025-05-06,
Koło,12.9,27.4,1015.9,2025-05-06,
Kołobrzeg,10.3,82.0,1016.8,2025-05-06,
Koszalin,10.8,71.9,1016.5,2025-05-06,
Kozienice,12.8,38.6,1015.5,2025-05-06,
Kraków,12.4,56.5,1015.1,2025-05-06,
Krosno,9.0,79.6,1014.6,2025-05-06,
Legnica,12.5,40.6,1017.2,2025-05-06,
Lesko,8.1,87.7,1014.3,2025-05-06,
Leszno,12.9,36.5,1016.9,2025-05-06,
Lębork,11.9,52.5,1015.3,2025-05-06,
Lublin,11.9,44.5,1015.2,2025-05-06,
Łeba,9.8,75.9,1016.0,2025-05-06,
Łódź,12.1,38.5,1016.0,2025-05-06,
Mikołajki,12.4,33.7,1015.4,2025-05-06,
Mława,13.2,30.6,1015.5,2025-05-06,
Nowy Sącz,9.6,77.5,1015.0,2025-05-06,
Olsztyn,13.1,32.7,1015.3,2025-05-06,
Opole,13.0,47.4,1015.8,2025-05-06,
Ostrołęka,13.3,26.7,1015.4,2025-05-06,
Piła,14.1,31.5,1015.6,2025-05-06,
Platforma,,,,2025-05-06,
Płock,12.8,36.7,1015.7,2025-05-06,
Poznań,14.2,29.5,1016.3,2025-05-06,
Przemyśl,8.4,94.6,1014.4,2025-05-06,
Racibórz,11.7,58.4,1015.2,2025-05-06,
Resko,10.2,38.5,1019.5,2025-05-06,
Rzeszów,10.6,70.9,1014.8,2025-05-06,
Sandomierz,11.9,51.4,1015.1,2025-05-06,
Siedlce,11.2,39.7,1015.9,2025-05-06,
Słubice,14.5,27.6,1016.8,2025-05-06,
Sulejów,11.7,41.6,1015.8,2025-05-06,
Suwałki,12.6,34.5,1015.1,2025-05-06,
Szczecin,15.0,37.6,1016.2,2025-05-06,
Szczecinek,14.6,29.1,1015.4,2025-05-06,
Śnieżka,-3.3,90.7,,2025-05-06,
Świnoujście,11.7,70.6,1016.8,2025-05-06,
Tarnów,11.5,64.4,1014.6,2025-05-06,
Terespol,11.7,41.6,1015.7,2025-05-06,
Toruń,14.6,29.6,1015.7,2025-05-06,
Ustka,10.1,80.9,1016.3,2025-05-06,
Warszawa,13.1,31.7,1015.7,2025-05-06,
Wieluń,11.8,44.5,1016.1,2025-05-06,
Włodawa,12.3,46.6,1015.1,2025-05-06,
Wrocław,13.2,38.5,1016.7,2025-05-06,
Zakopane,6.6,83.9,,2025-05-06,
Zamość,10.3,72.9,1015.3,2025-05-06,
Zielona Góra,13.7,32.6,1016.5,2025-05-06,
Białystok,9.7,35.6,1018.7,2025-05-07,
Bielsko Biała,12.3,39.7,1016.4,2025-05-07,
Chojnice,10.4,42.5,1021.9,2025-05-07,
Częstochowa,12.3,42.7,1017.6,2025-05-07,
Elbląg,8.0,44.7,1022.1,2025-05-07,
Gdańsk,8.7,50.6,1022.5,2025-05-07,
Gorzów,13.6,29.5,1021.1,2025-05-07,
Hel,10.2,47.7,1022.9,2025-05-07,
Jelenia Góra,9.8,55.5,1019.3,2025-05-07,
Kalisz,12.8,41.6,1019.5,2025-05-07,
Kasprowy Wierch,-2.4,100.0,,2025-05-07,
Katowice,13.7,39.5,1016.5,2025-05-07,
Kętrzyn,9.5,48.6,1020.4,2025-05-07,
Kielce,12.1,42.6,1017.1,2025-05-07,
Kłodzko,10.7,60.7,1018.5,2025-05-07,
Koło,12.0,35.2,1019.9,2025-05-07,
Kołobrzeg,11.4,49.5,1023.1,2025-05-07,
Koszalin,11.1,35.7,1022.7,2025-05-07,
Kozienice,13.0,32.6,1018.1,2025-05-07,
Kraków,14.1,44.4,1016.5,2025-05-07,
Krosno,13.4,42.7,1015.2,2025-05-07,
Legnica,13.7,40.6,1019.4,2025-05-07,
Lesko,12.7,45.7,1015.0,2025-05-07,
Leszno,12.8,41.6,1020.0,2025-05-07,
Lębork,12.1,35.7,1022.1,2025-05-07,
Lublin,11.8,43.5,1017.3,2025-05-07,
Łeba,9.6,40.7,1023.0,2025-05-07,
Łódź,13.0,31.7,1018.9,2025-05-07,
Mikołajki,9.1,44.7,1020.2,2025-05-07,
Mława,9.6,40.7,1020.9,2025-05-07,
Nowy Sącz,14.5,38.5,1015.4,2025-05-07,
Olsztyn,9.1,48.5,1021.3,2025-05-07,
Opole,13.9,38.7,1017.7,2025-05-07,
Ostrołęka,10.1,40.9,1020.1,2025-05-07,
Piła,12.9,31.7,1021.3,2025-05-07,
Platforma,,,,2025-05-07,
Płock,11.0,41.7,1020.1,2025-05-07,
Poznań,12.5,32.5,1020.6,2025-05-07,
Przemyśl,13.6,43.3,1014.8,2025-05-07,
Racibórz,13.7,39.5,1016.6,2025-05-07,
Resko,12.9,33.6,1022.0,2025-05-07,
Rzeszów,14.2,35.5,1015.4,2025-05-07,
Sandomierz,12.9,46.4,1016.5,2025-05-07,
Siedlce,11.5,34.5,1018.5,2025-05-07,
Słubice,14.1,26.7,1020.7,2025-05-07,
Sulejów,12.4,36.6,1018.0,2025-05-07,
Suwałki,7.8,45.7,1019.3,2025-05-07,
Szczecin,14.7,30.5,1021.6,2025-05-07,
Szczecinek,11.0,39.9,1022.0,2025-05-07,
Śnieżka,-2.1,97.8,,2025-05-07,
Świnoujście,12.3,51.5,1022.9,2025-05-07,
Tarnów,14.4,38.5,1015.7,2025-05-07,
Terespol,12.8,31.6,1017.0,2025-05-07,
Toruń,11.3,34.7,1021.2,2025-05-07,
Ustka,11.7,44.4,1023.0,2025-05-07,
Warszawa,12.7,34.6,1018.9,2025-05-07,
Wieluń,13.6,33.5,1018.3,2025-05-07,
Włodawa,12.7,30.7,1016.6,2025-05-07,
Wrocław,13.1,43.5,1018.9,2025-05-07,
Zakopane,9.5,44.5,,2025-05-07,
Zamość,12.7,48.4,1015.9,2025-05-07,
Zielona Góra,12.3,29.6,1020.0,2025-05-07,
Białystok,7.2,38.5,1018.9,2025-05-08,
Bielsko Biała,10.3,39.7,1016.3,2025-05-08,
Chojnice,10.8,36.7,1020.5,2025-05-08,
Częstochowa,10.5,37.7,1017.3,2025-05-08,
Elbląg,6.9,59.9,1020.9,2025-05-08,
Gdańsk,8.1,52.7,1021.6,2025-05-08,
Gorzów,12.6,41.5,1019.9,2025-05-08,
Hel,9.0,48.5,1021.7,2025-05-08,
Jelenia Góra,9.8,42.6,1018.6,2025-05-08,
Kalisz,9.8,52.8,1019.0,2025-05-08,
Kasprowy Wierch,-3.7,99.2,,2025-05-08,
Katowice,11.7,36.7,1016.5,2025-05-08,
Kętrzyn,10.2,39.7,1019.3,2025-05-08,
Kielce,10.9,35.6,1016.7,2025-05-08,
Kłodzko,10.1,38.5,1017.7,2025-05-08,
Koło,10.2,37.4,1018.9,2025-05-08,
Kołobrzeg,11.1,51.6,1020.9,2025-05-08,
Koszalin,10.7,51.5,1020.6,2025-05-08,
Kozienice,9.4,34.7,1017.7,2025-05-08,
Kraków,11.2,36.5,1016.9,2025-05-08,
Krosno,10.4,35.5,1015.4,2025-05-08,
Legnica,11.4,40.6,1018.7,2025-05-08,
Lesko,8.7,46.6,1015.5,2025-05-08,
Leszno,11.5,49.5,1019.3,2025-05-08,
Lębork,10.9,40.5,1020.7,2025-05-08,
Lublin,8.9,45.7,1017.5,2025-05-08,
Łeba,8.7,48.8,1021.3,2025-05-08,
Łódź,9.5,37.7,1018.5,2025-05-08,
Mikołajki,8.4,40.7,1019.5,2025-05-08,
Mława,10.2,35.7,1019.1,2025-05-08,
Nowy Sącz,10.9,39.6,1015.9,2025-05-08,
Olsztyn,9.9,38.7,1019.6,2025-05-08,
Opole,12.3,29.6,1017.3,2025-05-08,
Ostrołęka,9.4,34.4,1019.0,2025-05-08,
Piła,11.4,33.7,1020.2,2025-05-08,
Platforma,,,,2025-05-08,
Płock,10.0,42.7,1019.0,2025-05-08,
Poznań,11.8,31.6,1019.6,2025-05-08,
Przemyśl,10.9,43.6,1015.3,2025-05-08,
Racibórz,11.7,33.5,1016.6,2025-05-08,
Resko,12.9,39.5,1020.2,2025-05-08,
Rzeszów,11.3,34.7,1015.9,2025-05-08,
Sandomierz,10.9,39.6,1016.8,2025-05-08,
Siedlce,11.0,36.5,1017.6,2025-05-08,
Słubice,13.6,37.5,1019.5,2025-05-08,
Sulejów,9.9,38.7,1017.8,2025-05-08,
Suwałki,6.8,39.6,1019.3,2025-05-08,
Szczecin,13.6,39.4,1020.1,2025-05-08,
Szczecinek,11.9,33.1,1020.2,2025-05-08,
Śnieżka,-2.8,77.9,,2025-05-08,
Świnoujście,13.4,41.5,1020.4,2025-05-08,
Tarnów,11.4,35.5,1016.1,2025-05-08,
Terespol,9.8,36.7,1017.2,2025-05-08,
Toruń,10.6,39.5,1020.1,2025-05-08,
Ustka,8.8,62.5,1021.3,2025-05-08,
Warszawa,10.5,38.6,1018.1,2025-05-08,
Wieluń,9.9,37.6,1018.2,2025-05-08,
Włodawa,10.7,39.5,1016.9,2025-05-08,
Wrocław,12.4,33.7,1018.3,2025-05-08,
Zakopane,7.7,46.7,,2025-05-08,
Zamość,10.6,39.5,1016.8,2025-05-08,
Zielona Góra,11.2,41.5,1019.2,2025-05-08,
Białystok,9.1,39.7,1018.8,2025-05-09,
Bielsko Biała,11.5,35.5,1020.5,2025-05-09,
Chojnice,13.0,47.4,1019.3,2025-05-09,
Częstochowa,12.1,33.6,1019.9,2025-05-09,
Elbląg,7.3,76.6,1019.1,2025-05-09,
Gdańsk,10.4,59.8,1018.8,2025-05-09,
Gorzów,16.4,34.5,1020.3,2025-05-09,
Hel,8.2,85.9,1018.8,2025-05-09,
Jelenia Góra,13.6,32.6,1020.6,2025-05-09,
Kalisz,14.5,42.7,1020.0,2025-05-09,
Kasprowy Wierch,-2.4,86.0,,2025-05-09,
Katowice,12.4,31.5,1020.2,2025-05-09,
Kętrzyn,8.5,55.6,1019.2,2025-05-09,
Kielce,10.1,40.5,1020.1,2025-05-09,
Kłodzko,11.6,37.5,1021.1,2025-05-09,
Koło,13.6,36.9,1019.4,2025-05-09,
Kołobrzeg,12.8,65.6,1019.9,2025-05-09,
Koszalin,12.9,56.7,1019.9,2025-05-09,
Kozienice,11.6,36.6,1019.4,2025-05-09,
Kraków,12.3,34.7,1020.4,2025-05-09,
Krosno,9.6,32.7,1020.2,2025-05-09,
Legnica,15.1,33.5,1020.7,2025-05-09,
Lesko,9.4,38.6,1019.8,2025-05-09,
Leszno,15.7,36.4,1020.2,2025-05-09,
Lębork,10.4,80.9,1019.0,2025-05-09,
Lublin,9.8,45.6,1019.4,2025-05-09,
Łeba,9.9,86.0,1019.0,2025-05-09,
Łódź,12.6,39.5,1019.8,2025-05-09,
Mikołajki,8.3,52.8,1019.3,2025-05-09,
Mława,10.1,49.5,1019.7,2025-05-09,
Nowy Sącz,10.9,31.6,1020.4,2025-05-09,
Olsztyn,7.8,69.9,1019.8,2025-05-09,
Opole,13.6,32.6,1020.4,2025-05-09,
Ostrołęka,9.6,43.9,1019.5,2025-05-09,
Piła,16.5,33.6,1019.1,2025-05-09,
Platforma,,,,2025-05-09,
Płock,11.7,45.4,1019.5,2025-05-09,
Poznań,16.9,30.4,1019.5,2025-05-09,
Przemyśl,9.9,35.6,1019.8,2025-05-09,
Racibórz,13.3,29.7,1020.4,2025-05-09,
Resko,15.7,41.5,1019.8,2025-05-09,
Rzeszów,10.5,33.7,1019.9,2025-05-09,
Sandomierz,10.7,39.5,1019.7,2025-05-09,
Siedlce,9.5,46.5,1019.2,2025-05-09,
Słubice,17.2,30.5,1020.7,2025-05-09,
Sulejów,11.6,40.7,1019.7,2025-05-09,
Suwałki,9.4,35.8,1018.2,2025-05-09,
Szczecin,17.0,38.4,1020.1,2025-05-09,
Szczecinek,13.9,47.3,1019.4,2025-05-09,
Śnieżka,0.1,63.8,,2025-05-09,
Świnoujście,15.5,60.5,1019.9,2025-05-09,
Tarnów,11.4,34.7,1020.2,2025-05-09,
Terespol,9.7,40.7,1018.9,2025-05-09,
Toruń,14.8,37.5,1018.6,2025-05-09,
Ustka,11.2,74.6,1018.9,2025-05-09,
Warszawa,11.0,41.7,1019.6,2025-05-09,
Wieluń,12.9,38.7,1020.1,2025-05-09,
Włodawa,9.3,41.6,1019.2,2025-05-09,
Wrocław,15.7,29.4,1020.4,2025-05-09,
Zakopane,7.1,42.5,,2025-05-09,
Zamość,9.2,41.5,1020.0,2025-05-09,
Zielona Góra,16.2,29.6,1020.0,2025-05-09,
Białystok,7.9,65.5,1017.9,2025-05-10,
Bielsko Biała,12.6,52.7,1018.4,2025-05-10,
Chojnice,11.6,41.6,1020.4,2025-05-10,
Częstochowa,10.4,89.7,1018.4,2025-05-10,
Elbląg,8.2,58.9,1020.9,2025-05-10,
Gdańsk,8.8,68.6,1021.7,2025-05-10,
Gorzów,15.5,57.6,1019.7,2025-05-10,
Hel,8.6,72.6,1021.9,2025-05-10,
Jelenia Góra,14.6,51.3,1018.9,2025-05-10,
Kalisz,12.1,71.7,1018.9,2025-05-10,
Kasprowy Wierch,-1.6,100.0,,2025-05-10,
Katowice,11.0,75.6,1018.9,2025-05-10,
Kętrzyn,11.1,52.7,1019.3,2025-05-10,
Kielce,12.2,63.7,1017.1,2025-05-10,
Kłodzko,14.6,45.5,1018.7,2025-05-10,
Koło,10.6,56.1,1019.4,2025-05-10,
Kołobrzeg,9.8,72.8,1022.3,2025-05-10,
Koszalin,10.8,66.6,1021.4,2025-05-10,
Kozienice,8.6,75.7,1018.3,2025-05-10,
Kraków,12.0,68.7,1018.4,2025-05-10,
Krosno,10.9,64.8,1016.9,2025-05-10,
Legnica,15.9,60.6,1019.4,2025-05-10,
Lesko,8.0,80.6,1017.7,2025-05-10,
Leszno,11.8,88.6,1019.5,2025-05-10,
Lębork,10.9,47.6,1021.6,2025-05-10,
Lublin,6.8,85.1,1018.0,2025-05-10,
Łeba,8.6,68.6,1022.6,2025-05-10,
Łódź,12.9,47.4,1018.0,2025-05-10,
Mikołajki,9.7,54.7,1019.2,2025-05-10,
Mława,8.6,60.7,1019.6,2025-05-10,
Nowy Sącz,12.7,53.5,1017.6,2025-05-10,
Olsztyn,9.0,55.7,1020.0,2025-05-10,
Opole,12.8,68.4,1018.8,2025-05-10,
Ostrołęka,9.3,59.1,1019.0,2025-05-10,
Piła,14.2,52.4,1019.4,2025-05-10,
Platforma,,,,2025-05-10,
Płock,8.3,65.6,1019.6,2025-05-10,
Poznań,14.9,57.5,1019.0,2025-05-10,
Przemyśl,10.2,79.2,1016.2,2025-05-10,
Racibórz,14.7,50.7,1018.0,2025-05-10,
Resko,13.2,59.2,1020.7,2025-05-10,
Rzeszów,9.0,87.1,1017.1,2025-05-10,
Sandomierz,8.9,83.0,1017.2,2025-05-10,
Siedlce,8.5,59.8,1018.2,2025-05-10,
Słubice,16.6,60.3,1019.7,2025-05-10,
Sulejów,11.1,64.8,1017.9,2025-05-10,
Suwałki,10.1,45.7,1018.3,2025-05-10,
Szczecin,15.3,60.5,1020.7,2025-05-10,
Szczecinek,13.4,45.9,1020.3,2025-05-10,
Śnieżka,2.1,89.1,,2025-05-10,
Świnoujście,10.2,76.0,1022.6,2025-05-10,
Tarnów,12.2,67.8,1016.9,2025-05-10,
Terespol,10.1,56.8,1016.8,2025-05-10,
Toruń,10.5,50.7,1020.2,2025-05-10,
Ustka,8.6,70.5,1022.3,2025-05-10,
Warszawa,8.7,66.7,1018.9,2025-05-10,
Wieluń,11.3,91.0,1018.5,2025-05-10,
Włodawa,8.5,68.5,1016.9,2025-05-10,
Wrocław,15.1,61.7,1018.6,2025-05-10,
Zakopane,7.3,73.9,,2025-05-10,
Zamość,7.2,88.8,1017.4,2025-05-10,
Zielona Góra,14.4,71.6,1019.2,2025-05-10,
Białystok,11.2,46.6,1018.8,2025-05-11,
Bielsko Biała,11.2,42.7,1018.8,2025-05-11,
Chojnice,11.4,39.7,1021.0,2025-05-11,
Częstochowa,11.9,31.6,1019.0,2025-05-11,
Elbląg,8.2,64.7,1021.4,2025-05-11,
Gdańsk,9.2,60.8,1022.0,2025-05-11,
Gorzów,14.5,28.7,1020.1,2025-05-11,
Hel,9.9,58.8,1022.3,2025-05-11,
Jelenia Góra,13.1,46.4,1019.1,2025-05-11,
Kalisz,12.1,46.5,1019.8,2025-05-11,
Kasprowy Wierch,-3.3,100.0,,2025-05-11,
Katowice,11.8,38.7,1018.9,2025-05-11,
Kętrzyn,12.0,40.5,1019.8,2025-05-11,
Kielce,11.7,41.6,1018.8,2025-05-11,
Kłodzko,11.7,47.4,1019.3,2025-05-11,
Koło,12.0,37.3,1020.0,2025-05-11,
Kołobrzeg,10.0,61.4,1022.4,2025-05-11,
Koszalin,11.3,44.7,1021.6,2025-05-11,
Kozienice,11.1,44.6,1019.2,2025-05-11,
Kraków,12.6,41.5,1018.9,2025-05-11,
Krosno,10.8,46.5,1018.1,2025-05-11,
Legnica,13.7,42.4,1020.1,2025-05-11,
Lesko,10.4,53.7,1017.9,2025-05-11,
Leszno,11.9,50.7,1020.3,2025-05-11,
Lębork,11.4,39.7,1021.8,2025-05-11,
Lublin,10.2,48.4,1018.7,2025-05-11,
Łeba,9.0,60.8,1022.8,2025-05-11,
Łódź,12.1,36.5,1019.5,2025-05-11,
Mikołajki,11.8,38.7,1019.7,2025-05-11,
Mława,11.1,48.7,1020.1,2025-05-11,
Nowy Sącz,11.2,51.6,1018.8,2025-05-11,
Olsztyn,10.8,51.5,1020.4,2025-05-11,
Opole,14.3,35.5,1019.0,2025-05-11,
Ostrołęka,11.5,45.0,1019.7,2025-05-11,
Piła,13.7,31.6,1020.4,2025-05-11,
Platforma,,,,2025-05-11,
Płock,11.2,44.6,1020.0,2025-05-11,
Poznań,12.3,34.7,1020.2,2025-05-11,
Przemyśl,10.5,52.2,1018.0,2025-05-11,
Racibórz,12.8,38.6,1018.9,2025-05-11,
Resko,13.6,36.1,1020.7,2025-05-11,
Rzeszów,11.7,50.6,1018.5,2025-05-11,
Sandomierz,12.7,36.7,1018.3,2025-05-11,
Siedlce,11.6,48.5,1018.9,2025-05-11,
Słubice,15.5,37.4,1019.6,2025-05-11,
Sulejów,12.3,40.5,1019.0,2025-05-11,
Suwałki,11.1,36.5,1019.2,2025-05-11,
Szczecin,14.5,35.6,1020.7,2025-05-11,
Szczecinek,14.1,30.6,1020.6,2025-05-11,
Śnieżka,0.6,76.6,,2025-05-11,
Świnoujście,11.4,52.4,1022.1,2025-05-11,
Tarnów,12.1,50.7,1018.5,2025-05-11,
Terespol,12.6,47.7,1018.1,2025-05-11,
Toruń,11.9,37.6,1020.4,2025-05-11,
Ustka,8.7,62.5,1022.5,2025-05-11,
Warszawa,12.8,40.7,1019.3,2025-05-11,
Wieluń,12.4,37.7,1019.4,2025-05-11,
Włodawa,11.7,42.5,1017.8,2025-05-11,
Wrocław,13.7,39.5,1019.6,2025-05-11,
Zakopane,7.7,46.7,,2025-05-11,
Zamość,10.9,49.7,1018.4,2025-05-11,
Zielona Góra,12.7,44.7,1019.8,2025-05-11,
Białystok,13.4,34.5,1017.4,2025-05-12,
Bielsko Biała,12.6,41.5,1017.5,2025-05-12,
Chojnice,13.5,35.6,1020.6,2025-05-12,
Częstochowa,12.9,33.6,1018.2,2025-05-12,
Elbląg,10.1,53.6,1021.1,2025-05-12,
Gdańsk,9.7,73.8,1021.9,2025-05-12,
Gorzów,14.6,32.6,1019.7,2025-05-12,
Hel,11.1,60.8,1022.1,2025-05-12,
Jelenia Góra,12.9,38.7,1018.3,2025-05-12,
Kalisz,13.2,47.5,1019.4,2025-05-12,
Kasprowy Wierch,-3.3,97.0,,2025-05-12,
Katowice,12.6,39.5,1018.1,2025-05-12,
Kętrzyn,14.0,37.6,1019.1,2025-05-12,
Kielce,12.9,36.5,1018.2,2025-05-12,
Kłodzko,12.3,37.7,1018.1,2025-05-12,
Koło,12.9,35.1,1019.7,2025-05-12,
Kołobrzeg,11.1,65.7,1021.5,2025-05-12,
Koszalin,11.4,54.7,1021.4,2025-05-12,
Kozienice,13.5,33.5,1018.4,2025-05-12,
Kraków,13.2,42.6,1018.0,2025-05-12,
Krosno,10.7,48.6,1017.5,2025-05-12,
Legnica,14.0,35.4,1018.8,2025-05-12,
Lesko,9.0,65.8,1017.9,2025-05-12,
Leszno,13.0,46.4,1019.6,2025-05-12,
Lębork,12.4,43.7,1021.1,2025-05-12,
Lublin,11.3,39.7,1018.0,2025-05-12,
Łeba,10.2,59.8,1022.1,2025-05-12,
Łódź,14.0,30.5,1019.1,2025-05-12,
Mikołajki,13.6,38.6,1019.1,2025-05-12,
Mława,12.8,38.6,1019.6,2025-05-12,
Nowy Sącz,12.4,50.4,1017.6,2025-05-12,
Olsztyn,12.4,40.6,1020.1,2025-05-12,
Opole,14.6,30.5,1018.1,2025-05-12,
Ostrołęka,13.2,34.2,1019.1,2025-05-12,
Piła,13.2,37.6,1020.4,2025-05-12,
Platforma,,,,2025-05-12,
Płock,12.8,37.5,1019.7,2025-05-12,
Poznań,13.1,35.5,1020.0,2025-05-12,
Przemyśl,11.6,45.4,1016.9,2025-05-12,
Racibórz,14.9,33.6,1017.4,2025-05-12,
Resko,14.2,40.8,1020.1,2025-05-12,
Rzeszów,12.0,47.5,1017.7,2025-05-12,
Sandomierz,12.2,41.4,1017.8,2025-05-12,
Siedlce,13.4,40.6,1018.4,2025-05-12,
Słubice,17.0,27.5,1018.9,2025-05-12,
Sulejów,14.0,33.6,1018.6,2025-05-12,
Suwałki,13.9,40.4,1017.8,2025-05-12,
Szczecin,14.9,38.7,1019.9,2025-05-12,
Szczecinek,14.6,36.4,1020.5,2025-05-12,
Śnieżka,0.7,69.5,,2025-05-12,
Świnoujście,11.5,66.7,1021.4,2025-05-12,
Tarnów,11.6,49.5,1017.8,2025-05-12,
Terespol,13.8,35.6,1017.3,2025-05-12,
Toruń,14.3,32.5,1020.1,2025-05-12,
Ustka,9.8,61.8,1021.8,2025-05-12,
Warszawa,12.9,36.5,1019.0,2025-05-12,
Wieluń,13.1,37.6,1018.8,2025-05-12,
Włodawa,12.6,38.6,1017.3,2025-05-12,
Wrocław,15.7,30.5,1018.6,2025-05-12,
Zakopane,7.9,48.5,,2025-05-12,
Zamość,12.2,41.4,1017.4,2025-05-12,
Zielona Góra,14.7,33.6,1019.0,2025-05-12,
Białystok,14.4,40.5,1016.1,2025-05-13,
Bielsko Biała,12.7,33.5,1019.8,2025-05-13,
Chojnice,17.0,43.3,1018.5,2025-05-13,
Częstochowa,14.8,29.6,1019.2,2025-05-13,
Elbląg,13.4,54.4,1017.8,2025-05-13,
Gdańsk,15.8,41.5,1017.8,2025-05-13,
Gorzów,18.0,31.4,1020.3,2025-05-13,
Hel,13.8,47.6,1018.1,2025-05-13,
Jelenia Góra,15.9,33.4,1019.7,2025-05-13,
Kalisz,16.4,37.4,1019.3,2025-05-13,
Kasprowy Wierch,-1.8,84.8,,2025-05-13,
Katowice,15.2,31.6,1019.5,2025-05-13,
Kętrzyn,15.0,36.5,1017.3,2025-05-13,
Kielce,14.2,37.6,1019.0,2025-05-13,
Kłodzko,14.8,36.4,1019.7,2025-05-13,
Koło,16.0,28.9,1018.8,2025-05-13,
Kołobrzeg,12.5,73.7,1020.3,2025-05-13,
Koszalin,15.6,54.6,1019.7,2025-05-13,
Kozienice,15.5,29.6,1018.0,2025-05-13,
Kraków,14.2,31.5,1019.8,2025-05-13,
Krosno,13.9,36.5,1018.3,2025-05-13,
Legnica,16.9,28.5,1020.6,2025-05-13,
Lesko,12.2,41.4,1018.5,2025-05-13,
Leszno,17.1,30.5,1019.8,2025-05-13,
Lębork,16.2,53.6,1018.0,2025-05-13,
Lublin,14.0,38.4,1017.5,2025-05-13,
Łeba,13.9,65.4,1018.4,2025-05-13,
Łódź,15.2,31.6,1018.7,2025-05-13,
Mikołajki,14.3,36.6,1017.4,2025-05-13,
Mława,14.7,26.7,1017.9,2025-05-13,
Nowy Sącz,13.6,33.5,1019.4,2025-05-13,
Olsztyn,14.1,35.5,1017.8,2025-05-13,
Opole,16.3,23.7,1019.2,2025-05-13,
Ostrołęka,15.4,29.6,1017.3,2025-05-13,
Piła,17.5,38.5,1019.3,2025-05-13,
Platforma,,,,2025-05-13,
Płock,15.2,29.5,1018.4,2025-05-13,
Poznań,18.0,29.4,1019.3,2025-05-13,
Przemyśl,14.2,38.2,1017.7,2025-05-13,
Racibórz,15.0,31.5,1019.6,2025-05-13,
Resko,17.5,46.6,1020.0,2025-05-13,
Rzeszów,15.0,34.4,1017.8,2025-05-13,
Sandomierz,14.4,36.6,1018.4,2025-05-13,
Siedlce,14.5,35.6,1017.4,2025-05-13,
Słubice,17.7,28.5,1020.7,2025-05-13,
Sulejów,14.1,39.6,1018.8,2025-05-13,
Suwałki,14.2,34.5,1016.2,2025-05-13,
Szczecin,17.1,45.5,1020.6,2025-05-13,
Szczecinek,16.8,45.4,1019.0,2025-05-13,
Śnieżka,2.7,64.9,,2025-05-13,
Świnoujście,16.0,59.4,1020.9,2025-05-13,
Tarnów,13.7,40.6,1019.0,2025-05-13,
Terespol,15.7,35.6,1016.2,2025-05-13,
Toruń,17.0,36.5,1018.7,2025-05-13,
Ustka,12.6,73.8,1019.1,2025-05-13,
Warszawa,15.6,25.5,1018.2,2025-05-13,
Wieluń,15.7,30.5,1019.3,2025-05-13,
Włodawa,14.8,37.5,1016.7,2025-05-13,
Wrocław,17.0,29.6,1019.8,2025-05-13,
Zakopane,8.1,45.8,,2025-05-13,
Zamość,14.9,44.6,1017.3,2025-05-13,
Zielona Góra,16.9,27.4,1020.0,2025-05-13,
Białystok,17.1,53.4,1005.2,2025-05-14,
Bielsko Biała,17.6,35.3,1012.5,2025-05-14,
Chojnice,17.4,54.6,1009.1,2025-05-14,
Częstochowa,18.4,33.3,1011.0,2025-05-14,
Elbląg,8.9,94.7,1008.3,2025-05-14,
Gdańsk,10.4,80.9,1009.4,2025-05-14,
Gorzów,20.3,35.3,1011.1,2025-05-14,
Hel,9.4,89.0,1009.7,2025-05-14,
Jelenia Góra,19.0,31.4,1012.5,2025-05-14,
Kalisz,19.1,46.3,1009.9,2025-05-14,
Kasprowy Wierch,2.3,79.8,,2025-05-14,
Katowice,19.4,30.4,1011.6,2025-05-14,
Kętrzyn,13.6,82.9,1005.8,2025-05-14,
Kielce,16.0,60.6,1010.5,2025-05-14,
Kłodzko,18.7,36.4,1012.7,2025-05-14,
Koło,19.3,39.8,1008.7,2025-05-14,
Kołobrzeg,11.7,85.6,1012.4,2025-05-14,
Koszalin,11.2,82.7,1011.6,2025-05-14,
Kozienice,16.7,59.5,1008.7,2025-05-14,
Kraków,18.1,38.4,1012.1,2025-05-14,
Krosno,13.9,55.7,1013.2,2025-05-14,
Legnica,20.6,33.4,1012.6,2025-05-14,
Lesko,12.1,65.5,1013.8,2025-05-14,
Leszno,21.0,37.3,1010.9,2025-05-14,
Lębork,10.7,76.6,1010.5,2025-05-14,
Lublin,10.2,92.2,1010.0,2025-05-14,
Łeba,8.9,71.6,1011.4,2025-05-14,
Łódź,19.4,38.4,1008.9,2025-05-14,
Mikołajki,12.1,83.9,1006.3,2025-05-14,
Mława,17.7,50.3,1006.6,2025-05-14,
Nowy Sącz,18.0,42.3,1012.2,2025-05-14,
Olsztyn,14.7,71.6,1006.6,2025-05-14,
Opole,20.6,27.4,1011.7,2025-05-14,
Ostrołęka,17.7,46.6,1006.0,2025-05-14,
Piła,19.5,42.4,1009.7,2025-05-14,
Platforma,,,,2025-05-14,
Płock,18.4,43.3,1007.3,2025-05-14,
Poznań,21.3,27.3,1010.0,2025-05-14,
Przemyśl,15.1,56.7,1011.8,2025-05-14,
Racibórz,20.1,32.4,1012.0,2025-05-14,
Resko,15.3,66.5,1011.8,2025-05-14,
Rzeszów,16.4,54.4,1011.7,2025-05-14,
Sandomierz,17.6,51.3,1009.9,2025-05-14,
Siedlce,17.3,53.4,1006.9,2025-05-14,
Słubice,21.0,29.3,1011.8,2025-05-14,
Sulejów,18.0,42.3,1009.6,2025-05-14,
Suwałki,12.6,88.6,1004.6,2025-05-14,
Szczecin,18.7,55.3,1011.7,2025-05-14,
Szczecinek,16.3,59.0,1010.3,2025-05-14,
Śnieżka,6.9,51.6,,2025-05-14,
Świnoujście,15.5,73.7,1012.4,2025-05-14,
Tarnów,17.5,49.6,1011.6,2025-05-14,
Terespol,15.7,61.4,1007.8,2025-05-14,
Toruń,19.9,44.3,1008.0,2025-05-14,
Ustka,9.3,86.0,1011.6,2025-05-14,
Warszawa,20.2,38.4,1007.2,2025-05-14,
Wieluń,19.4,33.4,1010.6,2025-05-14,
Włodawa,15.4,63.4,1008.7,2025-05-14,
Wrocław,21.7,32.3,1011.4,2025-05-14,
Zakopane,14.3,41.3,,2025-05-14,
Zamość,13.0,80.7,1010.9,2025-05-14,
Zielona Góra,20.1,36.3,1011.2,2025-05-14,
Białystok,9.6,53.5,1006.6,2025-05-15,
Bielsko Biała,6.8,62.5,1012.4,2025-05-15,
Chojnice,5.1,85.6,1011.8,2025-05-15,
Częstochowa,9.4,47.5,1010.9,2025-05-15,
Elbląg,5.5,82.0,1009.7,2025-05-15,
Gdańsk,7.6,81.7,1010.5,2025-05-15,
Gorzów,9.1,78.0,1013.2,2025-05-15,
Hel,7.6,94.0,1010.5,2025-05-15,
Jelenia Góra,6.3,78.7,1014.1,2025-05-15,
Kalisz,9.1,70.6,1011.0,2025-05-15,
Kasprowy Wierch,-5.3,97.7,,2025-05-15,
Katowice,9.5,49.7,1011.5,2025-05-15,
Kętrzyn,10.6,57.7,1007.3,2025-05-15,
Kielce,9.1,46.7,1009.7,2025-05-15,
Kłodzko,10.3,43.7,1012.4,2025-05-15,
Koło,7.5,77.7,1010.3,2025-05-15,
Kołobrzeg,8.6,83.0,1014.8,2025-05-15,
Koszalin,8.0,74.6,1013.6,2025-05-15,
Kozienice,10.2,45.7,1008.6,2025-05-15,
Kraków,9.5,58.7,1011.4,2025-05-15,
Krosno,5.2,86.8,1010.7,2025-05-15,
Legnica,9.3,70.7,1012.1,2025-05-15,
Lesko,3.5,95.1,1010.8,2025-05-15,
Leszno,8.3,84.1,1012.2,2025-05-15,
Lębork,7.7,69.9,1011.9,2025-05-15,
Lublin,8.5,54.8,1008.3,2025-05-15,
Łeba,9.3,64.9,1012.3,2025-05-15,
Łódź,5.5,79.7,1010.9,2025-05-15,
Mikołajki,8.8,68.6,1007.5,2025-05-15,
Mława,10.4,50.7,1008.2,2025-05-15,
Nowy Sącz,7.0,67.8,1011.1,2025-05-15,
Olsztyn,6.5,77.6,1008.6,2025-05-15,
Opole,10.4,43.8,1011.6,2025-05-15,
Ostrołęka,6.2,83.3,1008.0,2025-05-15,
Piła,7.7,75.6,1012.1,2025-05-15,
Platforma,,,,2025-05-15,
Płock,8.4,73.6,1009.1,2025-05-15,
Poznań,7.2,72.9,1011.8,2025-05-15,
Przemyśl,4.8,91.2,1010.0,2025-05-15,
Racibórz,10.3,52.5,1012.0,2025-05-15,
Resko,7.7,82.9,1013.8,2025-05-15,
Rzeszów,7.9,70.9,1009.8,2025-05-15,
Sandomierz,8.3,59.7,1009.3,2025-05-15,
Siedlce,10.2,51.7,1007.6,2025-05-15,
Słubice,9.4,75.8,1014.6,2025-05-15,
Sulejów,9.9,45.6,1009.7,2025-05-15,
Suwałki,10.9,48.6,1006.1,2025-05-15,
Szczecin,8.3,87.1,1014.7,2025-05-15,
Szczecinek,7.9,79.5,1012.2,2025-05-15,
Śnieżka,-3.7,97.0,,2025-05-15,
Świnoujście,9.4,81.9,1015.7,2025-05-15,
Tarnów,8.5,70.5,1010.4,2025-05-15,
Terespol,10.0,49.5,1007.3,2025-05-15,
Toruń,9.3,71.7,1010.1,2025-05-15,
Ustka,7.9,78.9,1013.0,2025-05-15,
Warszawa,7.9,73.0,1009.3,2025-05-15,
Wieluń,10.2,48.4,1010.6,2025-05-15,
Włodawa,8.9,54.5,1007.7,2025-05-15,
Wrocław,6.6,88.2,1013.2,2025-05-15,
Zakopane,1.6,89.0,,2025-05-15,
Zamość,6.5,83.9,1008.9,2025-05-15,
Zielona Góra,6.1,93.2,1013.6,2025-05-15,
Białystok,6.3,79.8,1004.9,2025-05-16,
Bielsko Biała,11.4,60.4,1011.7,2025-05-16,
Chojnice,9.7,67.8,1010.7,2025-05-16,
Częstochowa,6.7,92.6,1011.1,2025-05-16,
Elbląg,7.6,80.5,1008.6,2025-05-16,
Gdańsk,9.0,72.6,1009.9,2025-05-16,
Gorzów,15.2,42.5,1012.4,2025-05-16,
Hel,9.1,74.7,1010.3,2025-05-16,
Jelenia Góra,7.7,80.5,1013.5,2025-05-16,
Kalisz,6.2,90.0,1011.1,2025-05-16,
Kasprowy Wierch,-3.5,100.0,,2025-05-16,
Katowice,9.2,75.8,1011.0,2025-05-16,
Kętrzyn,7.0,82.8,1006.1,2025-05-16,
Kielce,7.9,82.9,1010.0,2025-05-16,
Kłodzko,9.4,79.6,1013.2,2025-05-16,
Koło,10.8,58.6,1008.6,2025-05-16,
Kołobrzeg,10.3,79.8,1014.2,2025-05-16,
Koszalin,8.1,90.8,1012.9,2025-05-16,
Kozienice,8.6,72.6,1007.8,2025-05-16,
Kraków,12.9,60.8,1010.4,2025-05-16,
Krosno,12.4,48.7,1010.5,2025-05-16,
Legnica,9.9,79.7,1011.4,2025-05-16,
Lesko,10.6,50.7,1011.1,2025-05-16,
Leszno,14.0,47.7,1010.6,2025-05-16,
Lębork,9.1,71.6,1011.1,2025-05-16,
Lublin,7.9,87.0,1008.4,2025-05-16,
Łeba,7.7,88.9,1011.7,2025-05-16,
Łódź,8.2,81.8,1009.0,2025-05-16,
Mikołajki,6.3,86.9,1005.8,2025-05-16,
Mława,5.6,86.8,1007.2,2025-05-16,
Nowy Sącz,11.7,50.6,1011.1,2025-05-16,
Olsztyn,6.7,82.7,1007.1,2025-05-16,
Opole,8.6,79.0,1011.4,2025-05-16,
Ostrołęka,5.6,88.7,1005.4,2025-05-16,
Piła,8.7,90.8,1011.5,2025-05-16,
Platforma,,,,2025-05-16,
Płock,7.2,77.7,1007.9,2025-05-16,
Poznań,9.1,89.0,1011.2,2025-05-16,
Przemyśl,13.4,46.9,1009.9,2025-05-16,
Racibórz,10.3,71.8,1012.1,2025-05-16,
Resko,10.8,68.0,1013.6,2025-05-16,
Rzeszów,12.9,52.4,1009.9,2025-05-16,
Sandomierz,10.8,63.8,1008.7,2025-05-16,
Siedlce,8.3,75.7,1006.1,2025-05-16,
Słubice,15.8,36.4,1012.8,2025-05-16,
Sulejów,6.0,88.1,1009.9,2025-05-16,
Suwałki,6.2,90.7,1005.8,2025-05-16,
Szczecin,13.7,55.7,1014.5,2025-05-16,
Szczecinek,7.9,83.5,1011.8,2025-05-16,
Śnieżka,-0.5,99.3,,2025-05-16,
Świnoujście,13.8,59.7,1015.7,2025-05-16,
Tarnów,11.9,53.7,1010.1,2025-05-16,
Terespol,6.3,91.9,1007.4,2025-05-16,
Toruń,11.3,52.8,1008.9,2025-05-16,
Ustka,8.0,92.7,1012.2,2025-05-16,
Warszawa,7.2,71.8,1007.2,2025-05-16,
Wieluń,8.9,70.6,1010.6,2025-05-16,
Włodawa,9.0,87.1,1008.1,2025-05-16,
Wrocław,11.8,62.7,1010.8,2025-05-16,
Zakopane,7.4,56.5,,2025-05-16,
Zamość,11.4,62.6,1009.1,2025-05-16,
Zielona Góra,12.8,66.5,1011.7,2025-05-16,
Białystok,8.5,73.6,1004.7,2025-05-17,
Bielsko Biała,7.4,92.0,1010.1,2025-05-17,
Chojnice,7.3,87.0,1007.2,2025-05-17,
Częstochowa,9.2,71.7,1007.7,2025-05-17,
Elbląg,5.1,95.2,1006.3,2025-05-17,
Gdańsk,8,87.1,1006.8,2025-05-17,
Gorzów,9.2,78.0,1010.6,2025-05-17,
Hel,9.3,83.0,1007.3,2025-05-17,
Jelenia Góra,7.7,88.9,1010.9,2025-05-17,
Kalisz,11.2,73.5,1007.2,2025-05-17,
Kasprowy Wierch,-2.3,100.0,,2025-05-17,
Katowice,8.3,85.9,1009.2,2025-05-17,
Kętrzyn,7,92.0,1003.5,2025-05-17,
Kielce,9.9,62.7,1007.3,2025-05-17,
Kłodzko,8.6,84.7,1010,2025-05-17,
Koło,7.1,87.6,1006.2,2025-05-17,
Kołobrzeg,8.8,84.7,1011.2,2025-05-17,
Koszalin,8.3,84.7,1009.9,2025-05-17,
Kozienice,10.8,66.6,1005.5,2025-05-17,
Kraków,7.8,90.8,1009.3,2025-05-17,
Krosno,9.5,76.9,1008.6,2025-05-17,
Legnica,8.7,85.9,1009.9,2025-05-17,
Lesko,10.9,63.8,1008,2025-05-17,
Leszno,9.6,73.8,1009.2,2025-05-17,
Lębork,8.2,81.8,1008.1,2025-05-17,
Lublin,9.7,65.4,1006.5,2025-05-17,
Łeba,7.7,90.8,1008.8,2025-05-17,
Łódź,7.1,84.6,1006.7,2025-05-17,
Mikołajki,6.5,88.2,1003.3,2025-05-17,
Mława,6.8,85.7,1003.8,2025-05-17,
Nowy Sącz,12.3,64.6,1007.8,2025-05-17,
Olsztyn,6.4,91.9,1004.3,2025-05-17,
Opole,9.1,81.9,1009.2,2025-05-17,
Ostrołęka,7.8,81.7,1002.5,2025-05-17,
Piła,8,82.9,1008.4,2025-05-17,
Platforma,,,,2025-05-17,
Płock,8.9,79.0,1004.6,2025-05-17,
Poznań,10.3,64.6,1008.1,2025-05-17,
Przemyśl,13,53.9,1007,2025-05-17,
Racibórz,9.8,72.8,1010,2025-05-17,
Resko,7.9,80.6,1010.5,2025-05-17,
Rzeszów,10.5,68.4,1007.8,2025-05-17,
Sandomierz,11.6,59.6,1007.1,2025-05-17,
Siedlce,8.7,87.7,1004.8,2025-05-17,
Słubice,8.6,87.1,1011.2,2025-05-17,
Sulejów,9.8,64.5,1006.3,2025-05-17,
Suwałki,8.4,92.1,1004.6,2025-05-17,
Szczecin,10.3,72.9,1011.7,2025-05-17,
Szczecinek,7.7,84.0,1008.4,2025-05-17,
Śnieżka,0.2,83.8,,2025-05-17,
Świnoujście,10.4,77.6,1012.7,2025-05-17,
Tarnów,10.8,82.6,1007.6,2025-05-17,
Terespol,11.7,52.5,1005.8,2025-05-17,
Toruń,8.2,85.9,1005.7,2025-05-17,
Ustka,8.1,90.1,1009.3,2025-05-17,
Warszawa,8.7,84.7,1004.7,2025-05-17,
Wieluń,6.8,90.1,1008.1,2025-05-17,
Włodawa,11.1,53.5,1006,2025-05-17,
Wrocław,9.2,86.0,1009.5,2025-05-17,
Zakopane,8.1,70.9,,2025-05-17,
Zamość,10.4,70.9,1006.9,2025-05-17,
Zielona Góra,6.9,93.9,1010.3,2025-05-17,
